Country Code,ISO3,Country Name eng,Country Name fr,1979,2010,1984,2009,2004,1991,1972,1983,1969,2013,2018,1993,1978,2012,2008,Indicator Code,1960,1976,2006,2001,1980,1963,1971,1982,1995,2005,2022,1989,2017,1967,1981,Unnamed: 67,2002,2019,1985,1992,2016,2015,1998,2003,1975,1990,1986,2021,1994,1988,1970,Indicator Name,2000,1965,1977,2007,1996,1968,2020,1973,2011,1964,1997,1966,2014,1987,1962,1974,1961,1999
22.0,ABW,Aruba,Aruba,,,,,,,,,,,,,,,,EN.ATM.CO2E.KT,,,,,,,,,,,,,,,,,,,,,,,,,,,,,,,,Émissions de CO2 (kt),,,,,,,,,,,,,,,,,,
,AFE,,,,532614.140224,,504690.371108,459742.334363,300135.943094,,,,568547.519,598720.9575,305267.779142,,546775.865,522352.252288,EN.ATM.CO2E.KT,,,467829.222212,395061.523617,,,,,329784.557767,460840.910225,,,590905.482,,,,406488.162257,610723.5,,296834.691723,580219.242,576265.992,367651.937441,428637.779164,,304614.720181,,,314596.287085,,,Émissions de CO2 (kt),357967.510652,,,488797.648679,342368.178325,,544952.503,,525337.889289,,358278.381587,,591680.972,,,,,353173.100746
2.0,AFG,Afghanistan,Afghanistan,,8576.15,,6558.97,1292.307,1941.37,,,,9402.05,10972.38,1527.89,,10208.13,4375.64,EN.ATM.CO2E.KT,,,2283.68,1088.638,,,,,1457.69,1961.711,,,10022.78,,,,1403.03,11238.83,,1525.47,9294.93,10057.59,1318.0,1653.207,,2046.87,,,1493.59,,,Émissions de CO2 (kt),1078.12,,,2847.81,1407.3,,8709.47,,11961.89,,1344.1,,9281.34,,,,,1122.0
,AFW,,,,159573.957,,141983.85,149751.265,110559.9338,,,,186486.66,210618.89,114995.869,,170350.67,147214.73,EN.ATM.CO2E.KT,,,144266.808,147879.42,,,,,116198.614,152041.539,,,200550.9,,,,138656.59,222990.35,,121628.003,201399.22,194363.64,129455.595,148185.467,,97190.345,,,106198.491,,,Émissions de CO2 (kt),140653.453,,,139839.036,134252.745,,215915.61,,165498.4949,,134320.486,,196343.63,,,,,131960.884
7.0,AGO,Angola,Angola,,22801.5,,21145.0,17453.6,6674.5,,,,26958.7,23637.4,9269.7,,23868.0,19275.3,EN.ATM.CO2E.KT,,,16558.6,15955.9,,,,,12719.48,15811.2,,,25064.8,,,,15689.5,24382.9,,6877.3,29520.7,31648.9,16767.9,16764.8,,6564.2,,,11298.23,,,Émissions de CO2 (kt),16204.16,,,16966.4,15442.4,,19814.5,,23865.8,,16154.9,,29610.5,,,,,17613.22
3.0,ALB,Albania,Albanie,,4785.4,,4368.2,4322.3,4119.6,,,,4795.4,5316.1,2078.4,,4541.8,4209.5,EN.ATM.CO2E.KT,,,4081.8,3234.2,,,,,1951.1,4095.9,,,5403.7,,,,3761.9,4993.3,,2239.3,4573.2,4797.0,1804.55,4137.4,,6060.5,,,2084.7,,,Émissions de CO2 (kt),3186.54,,,4258.4,1968.0,,4383.2,,5136.7,,1479.16,,5188.0,,,,,2985.35
6.0,AND,Andorra,Andorre,,516.624,,516.624,560.592,406.704,,,,476.32,494.64,410.368,,487.312,538.608,EN.ATM.CO2E.KT,,,545.936,523.952,,,,,425.024,575.248,,,465.328,,,,531.28,479.984,,406.704,468.992,465.328,490.976,534.944,,406.704,,,406.704,,,Émissions de CO2 (kt),523.952,,,538.608,454.336,,448.884399,,490.976,,465.328,,461.664,,,,,512.96
,ARB,,Le monde arabe,,1533676.6,,1447553.6,1106497.6,634670.889,,,,1706820.79,1826351.9,741817.84,,1674146.7,1400755.46,EN.ATM.CO2E.KT,,,1245032.15,985508.25,,,,,810180.27,1182132.3,,,1843231.7,,,,1019038.88,1845846.37,,688969.38,1827587.97,1809147.15,884602.46,1049960.51,,632472.87,,,786209.54,,,Émissions de CO2 (kt),933988.54,,,1296134.5,838864.28,,1765052.9,,1567405.8,,879771.68,,1766583.07,,,,,896523.3
225.0,ARE,United Arab Emirates,Émirats arabes unis,,162788.9,,157019.8,110007.6,61564.1,,,,184960.8,174220.3,63620.2,,175687.9,156044.4,EN.ATM.CO2E.KT,,,121562.5,97196.5,,,,,75166.7,116453.9,,,191935.0,,,,99146.3,185645.7,,59702.8,200398.5,195409.4,83449.6,103820.5,,55210.4,,,70779.6,,,Émissions de CO2 (kt),84729.1,,,131831.6,78528.3,,188088.7,,166631.5,,81440.9,,186639.8,,,,,85679.8
9.0,ARG,Argentina,Argentine,,167226.3,,156567.5,141376.4,105906.6,,,,183255.7,176894.6,110256.5,,177955.3,167231.8,EN.ATM.CO2E.KT,,,154917.5,125255.2,,,,,112886.7,145995.4,,,179267.3,,,,117462.1,168162.0,,107921.1,183158.7,185550.0,132669.9,127653.5,,100313.9,,,111909.9,,,Émissions de CO2 (kt),132265.5,,,162820.2,122545.9,,154535.9,,176641.6,,126118.7,,179600.7,,,,,134502.0
1.0,ARM,Armenia,Arménie,,4336.6,,4510.8,3763.8,20689.6,,,,5501.5,5712.2,4974.49,,5716.5,5685.5,EN.ATM.CO2E.KT,,,4489.2,3602.0,,,,,3436.76,4460.9,,,5371.3,,,,3118.7,6195.6,,10755.96,5066.7,5343.4,3492.5,3495.4,,19845.2,,,2707.87,,,Émissions de CO2 (kt),3561.0,,,5204.4,2481.91,,6746.6,,4937.1,,3324.3,,5479.0,,,,,3103.0
5.0,ASM,American Samoa,Samoa américaines,,,,,,,,,,,,,,,,EN.ATM.CO2E.KT,,,,,,,,,,,,,,,,,,,,,,,,,,,,,,,,Émissions de CO2 (kt),,,,,,,,,,,,,,,,,,
8.0,ATG,Antigua and Barbuda,Antigua-et-Barbuda,,465.8,,453.6,367.4,221.4,,,,472.9,508.6,222.0,,469.9,428.1,EN.ATM.CO2E.KT,,,398.0,321.9,,,,,235.2,376.7,,,500.1,,,,335.1,509.0,,218.5,500.5,490.2,286.0,360.7,,218.2,,,225.2,,,Émissions de CO2 (kt),312.5,,,419.2,254.8,,474.6,,456.1,,267.6,,476.6,,,,,299.3
10.0,AUS,Australia,Australie,,395993.2,,393859.7,366141.6,264709.7,,,,388427.4,396059.9,273016.9,,395690.0,387570.3,EN.ATM.CO2E.KT,,,374104.4,345609.4,,,,,290141.5,368801.9,,,397149.4,,,,353315.8,395199.1,,268366.5,394803.6,385782.4,327536.9,352893.5,,263437.5,,,280096.3,,,Émissions de CO2 (kt),339422.8,,,384368.3,300180.4,,378996.8,,394436.7,,307778.5,,379267.2,,,,,333677.7
11.0,AUT,Austria,Autriche,,69965.1,,64420.7,75802.1,62423.2,,,,65752.7,63131.4,57804.0,,65112.0,70734.7,EN.ATM.CO2E.KT,,,74104.4,67914.4,,,,,61186.4,76242.4,,,65867.7,,,,69374.2,64497.8,,57668.0,63697.1,63254.7,64673.1,74467.9,,58275.7,,,58288.2,,,Émissions de CO2 (kt),63538.6,,,71248.0,64902.9,,59142.4,,68276.0,,64224.1,,62054.5,,,,,63055.1
52.0,AZE,Azerbaijan,Azerbaïdjan,,24311.9,,25495.8,28311.9,52059.4,,,,30939.6,32728.1,48052.0,,30110.6,30447.6,EN.ATM.CO2E.KT,,,30488.4,26397.2,,,,,32474.9,30043.4,,,31957.0,,,,26177.6,35521.0,,63613.2,32239.4,31773.3,26490.5,28569.4,,53483.7,,,33515.3,,,Émissions de CO2 (kt),27687.2,,,27627.7,27193.3,,34305.0,,27282.1,,26489.6,,32243.4,,,,,26122.2
29.0,BDI,Burundi,Burundi,,323.3,,198.1,159.6,229.6,,,,366.4,664.9,210.6,,364.2,198.7,EN.ATM.CO2E.KT,,,191.6,210.2,,,,,216.9,161.0,,,529.1,,,,218.1,707.4,,201.2,442.0,366.8,232.5,171.2,,187.6,,,210.6,,,Émissions de CO2 (kt),262.6,,,192.1,223.3,,713.466,,359.3,,226.2,,364.8,,,,,233.8
255.0,BEL,Belgium,Belgique,,106872.8,,99904.4,113350.8,113960.1,,,,96550.6,93523.2,110108.3,,95275.6,106715.4,EN.ATM.CO2E.KT,,,108081.5,118339.8,,,,,114568.7,110960.2,,,92587.4,,,,110850.2,92989.4,,112329.3,94171.6,95096.0,119412.8,115502.1,,109312.6,,,114901.4,,,Émissions de CO2 (kt),117274.6,,,103905.8,119448.4,,85364.1,,96488.2,,116634.7,,90362.4,,,,,115514.5
53.0,BEN,Benin,Bénin,,4825.1,,4417.2,2646.4,273.51,,,,4676.4,7604.0,287.29,,4444.7,4017.6,EN.ATM.CO2E.KT,,,3471.4,1735.1,,,,,302.07,2899.6,,,6876.2,,,,2177.3,7475.5,,282.61,6739.0,5505.6,1214.7,2443.2,,330.11,,,280.34,,,Émissions de CO2 (kt),1424.5,,,3998.2,973.49,,7980.4,,4652.6,,1236.54,,5186.1,,,,,1340.5
233.0,BFA,Burkina Faso,Burkina Faso,,2094.3,,1930.1,1133.84,599.6,,,,2947.0,5147.7,623.6,,2693.0,1909.6,EN.ATM.CO2E.KT,,,1400.48,1024.23,,,,,639.72,1151.29,,,4625.2,,,,1027.23,5646.5,,610.8,3997.8,3801.8,879.32,1102.48,,594.1,,,625.8,,,Émissions de CO2 (kt),1048.93,,,1682.82,724.9,,5456.7,,2200.4,,827.85,,2997.0,,,,,933.39
16.0,BGD,Bangladesh,Bangladesh,,50487.6,,44750.0,30527.5,10830.76,,,,62965.7,95944.6,12568.4,,58985.2,41580.8,EN.ATM.CO2E.KT,,,35902.8,25634.5,,,,,16554.48,32710.8,,,87658.0,,,,27284.2,92645.0,,11823.48,81128.9,73156.9,19249.5,28629.8,,11523.73,,,13543.45,,,Émissions de CO2 (kt),20686.7,,,37992.3,16825.3,,85493.1,,54309.9,,18970.9,,66313.1,,,,,20105.5
27.0,BGR,Bulgaria,Bulgarie,,44740.6,,42907.8,47265.7,58826.5,,,,39660.7,40898.2,55925.2,,45023.1,50039.3,EN.ATM.CO2E.KT,,,48954.8,46185.6,,,,,54882.8,47985.6,,,43885.1,,,,43599.9,39159.9,,55364.1,41586.7,44556.5,50477.5,47933.3,,73605.7,,,53724.0,,,Émissions de CO2 (kt),43421.1,,,52598.7,55301.7,,34138.1,,49637.6,,52994.6,,42054.4,,,,,44322.0
13.0,BHR,Bahrain,Bahreïn,,25965.7,,24717.1,17927.3,10346.53,,,,28853.0,30844.4,13066.22,,27174.2,24762.2,EN.ATM.CO2E.KT,,,22485.4,16386.32,,,,,13535.88,20693.7,,,30514.9,,,,17221.48,32966.8,,12272.25,30301.1,30492.4,15488.92,17944.11,,10737.46,,,13372.03,,,Émissions de CO2 (kt),15876.5,,,23001.0,14154.98,,32470.2,,26017.6,,14415.78,,30282.7,,,,,15450.88
12.0,BHS,Bahamas,Bahamas,,1979.4,,2008.5,2094.7,2085.3,,,,2805.4,2795.4,1825.1,,2394.3,1981.2,EN.ATM.CO2E.KT,,,1906.6,2034.5,,,,,1924.2,1955.6,,,2170.2,,,,2068.8,2622.7,,1952.5,2040.7,2207.4,2080.7,2116.0,,2014.6,,,1849.6,,,Émissions de CO2 (kt),2115.3,,,1931.7,1894.7,,2456.0,,2183.0,,1695.7,,2518.9,,,,,2127.4
80.0,BIH,Bosnia and Herzegovina,Bosnie-Herzégovine,,20842.5,,20589.7,15571.7,21441.0,,,,21847.8,22615.8,13403.99,,21960.2,20761.2,EN.ATM.CO2E.KT,,,17910.2,13763.7,,,,,3369.47,16225.4,,,22692.7,,,,14556.0,21124.3,,15966.67,22356.6,19629.0,10760.7,14871.4,,23965.6,,,3162.67,,,Émissions de CO2 (kt),13955.1,,,18888.5,4188.03,,20946.8,,23738.2,,8493.0,,19506.8,,,,,10516.1
57.0,BLR,Belarus,Bélarus,,61443.7,,57177.3,55753.4,96217.8,,,,59891.2,59271.6,76209.4,,59738.3,60231.7,EN.ATM.CO2E.KT,,,58794.1,51720.2,,,,,57507.8,56464.6,,,56247.0,,,,51752.9,57681.2,,87748.6,55201.4,54871.3,57201.9,52525.9,,99830.0,,,64645.6,,,Émissions de CO2 (kt),52967.5,,,57326.9,58453.6,,54801.5,,58325.8,,59020.5,,59431.8,,,,,54957.9
23.0,BLZ,Belize,Belize,,531.2,,532.0,409.6,441.6,,,,457.4,630.0,405.7,,465.3,450.9,EN.ATM.CO2E.KT,,,461.2,481.4,,,,,405.2,435.3,,,643.1,,,,449.7,736.2,,382.5,651.3,675.1,399.6,450.2,,340.3,,,402.7,,,Émissions de CO2 (kt),425.2,,,491.6,330.6,,687.6,,573.4,,419.0,,483.7,,,,,374.4
17.0,BMU,Bermuda,Bermudes,,,,,,,,,,,,,,,,EN.ATM.CO2E.KT,,,,,,,,,,,,,,,,,,,,,,,,,,,,,,,,Émissions de CO2 (kt),,,,,,,,,,,,,,,,,,
19.0,BOL,Bolivia (Plurinational State of),Bolivie,,14702.2,,13570.4,9382.4,10867.9,,,,18123.9,21881.2,10260.5,,16961.0,12734.2,EN.ATM.CO2E.KT,,,10714.9,7812.9,,,,,8634.5,9883.0,,,21628.2,,,,8339.5,21828.8,,11173.7,21328.7,20002.9,8728.6,8878.7,,10407.9,,,9565.0,,,Émissions de CO2 (kt),8108.1,,,11907.5,8331.2,,18375.3,,15991.7,,9186.3,,19478.3,,,,,8285.2
21.0,BRA,Brazil,Brésil,,397931.1,,350000.9,328517.3,205475.4,,,,486844.7,433838.8,215259.5,,454232.9,373633.1,EN.ATM.CO2E.KT,,,335624.6,319375.7,,,,,241283.8,331689.1,,,455684.8,,,,317756.5,434318.0,,207865.4,447077.3,485344.1,290587.2,310808.1,,197897.4,,,222497.5,,,Émissions de CO2 (kt),313670.8,,,352555.8,262414.1,,414138.8,,418295.4,,281335.0,,511618.0,,,,,300958.7
14.0,BRB,Barbados,Barbade,,1481.5,,1599.7,1280.2,1000.03,,,,1439.47,1270.17,876.84,,1467.62,1619.0,EN.ATM.CO2E.KT,,,1347.6,1216.8,,,,,946.6,1326.1,,,1179.97,,,,1206.3,1167.27,,925.75,1290.77,1269.57,1137.1,1249.9,,1004.32,,,929.58,,,Émissions de CO2 (kt),1188.1,,,1367.0,980.47,,1096.07,,1516.25,,1068.52,,1282.07,,,,,1208.7
26.0,BRN,Brunei Darussalam,Brunéi Darussalam,,7170.8,,7874.3,5103.0,3384.5,,,,7208.8,7540.0,3928.1,,7299.5,7912.5,EN.ATM.CO2E.KT,,,7520.8,4708.8,,,,,4600.7,4991.3,,,7290.2,,,,4620.1,7057.8,,3585.4,6968.5,6397.7,4517.9,5515.5,,3260.3,,,4265.1,,,Émissions de CO2 (kt),4717.9,,,7143.2,4827.2,,9588.0,,7332.7,,5225.2,,7080.3,,,,,4433.0
18.0,BTN,Bhutan,Bhoutan,,493.18,,396.83,313.51,182.8,,,,908.0,1454.3,177.05,,833.9,422.62,EN.ATM.CO2E.KT,,,397.5,379.31,,,,,246.03,395.42,,,1309.5,,,,411.52,1433.0,,205.11,1228.4,1042.1,377.42,377.73,,185.39,,,205.9,,,Émissions de CO2 (kt),388.84,,,398.71,296.56,,1035.2,,744.2,,381.17,,1012.4,,,,,378.53
20.0,BWA,Botswana,Botswana,,3371.7,,4186.58,3970.3,2734.7,,,,5421.539,8061.3875,3249.7,,3414.335,4392.7,EN.ATM.CO2E.KT,,,4086.9,3865.6,,,,,3189.8,4278.6,,,7337.512,,,,4026.7,7198.3,,3298.3,6629.312,6949.712,3682.2,3915.0,,2807.4,,,3080.1,,,Émissions de CO2 (kt),4033.8,,,4319.8,2915.9,,5763.687,,3883.337,,3066.0,,6988.912,,,,,3858.5
37.0,CAF,Central African Republic,République centrafricaine,,174.8,,168.2,226.2,142.0,,,,120.6,229.1,157.6,,197.2,171.4,EN.ATM.CO2E.KT,,,234.3,253.0,,,,,163.8,224.1,,,222.4,,,,249.8,235.4,,151.5,206.4,184.4,227.4,231.0,,148.0,,,160.7,,,Émissions de CO2 (kt),243.2,,,237.8,167.0,,236.6,,194.2,,167.0,,130.4,,,,,236.8
33.0,CAN,Canada,Canada,,537091.5,,521399.4,536417.3,413298.6,,,,555742.4,579573.9,422047.8,,546291.6,550553.2,EN.ATM.CO2E.KT,,,540525.6,506615.9,,,,,448046.0,549032.7,,,568175.9,,,,524353.4,566001.8,,426367.3,556874.1,558747.2,484791.8,544541.8,,419492.2,,,436764.6,,,Émissions de CO2 (kt),514215.1,,,571632.0,461700.7,,516873.7,,549369.9,,476815.9,,561760.5,,,,,494278.5
,CEB,,Europe centrale et les pays baltes,,708417.9,,684780.6,735101.1,916298.1,,,,655837.7,678446.5,826253.11,,682324.9,740343.6,EN.ATM.CO2E.KT,,,753388.1,722553.0,,,,,809241.02,735068.0,,,684083.3,,,,707700.2,643612.1,,850698.7,656753.9,644756.0,760226.7,736222.1,,991246.4,,,805509.9,,,Émissions de CO2 (kt),710574.87,,,758838.8,835209.1,,598490.02,,709498.9,,809596.6,,635436.5,,,,,717907.0
211.0,CHE,Switzerland,Suisse,,45207.8,,43668.6,45283.9,45666.8,,,,43531.2,37481.3,43452.0,,42516.6,44962.5,EN.ATM.CO2E.KT,,,45479.3,45154.7,,,,,43439.4,45850.7,,,38699.0,,,,43573.3,37376.3,,45702.6,39666.5,39090.8,44247.3,44839.5,,43326.5,,,42593.0,,,Émissions de CO2 (kt),43708.8,,,43541.2,44006.0,,34916.1,,41192.3,,42748.3,,39793.3,,,,,44528.1
,CHI,,Îles Anglo-Normandes,,,,,,,,,,,,,,,,EN.ATM.CO2E.KT,,,,,,,,,,,,,,,,,,,,,,,,,,,,,,,,Émissions de CO2 (kt),,,,,,,,,,,,,,,,,,
40.0,CHL,Chile,Chili,,69749.1,,65450.6,54972.1,29243.4,,,,82998.5,86581.3,32465.1,,78412.6,67991.6,EN.ATM.CO2E.KT,,,57148.1,48425.1,,,,,38972.0,55968.9,,,87136.9,,,,49121.4,91915.4,,30346.9,86504.7,82260.4,52013.7,50200.6,,30533.6,,,35826.8,,,Émissions de CO2 (kt),50424.5,,,64574.0,44896.3,,84827.8,,76470.5,,51285.2,,76560.3,,,,,54430.3
351.0,CHN,China,Chine,,8474922.7,,7719071.4,5113216.6,2302185.2,,,,9979128.0,10567262.0,2645411.7,,9540539.7,7199604.7,EN.ATM.CO2E.KT,,,6437470.3,3529081.3,,,,,3088620.2,5824625.1,,,10089273.2,,,,3796157.1,10762824.0,,2418175.3,9860914.0,9859281.2,3236278.6,4424412.6,,2173364.2,,,2767666.4,,,Émissions de CO2 (kt),3346525.8,,,6993182.8,3070505.1,,10944686.2,,9282553.7,,3134112.6,,10021043.4,,,,,3153661.1
107.0,CIV,Côte d'Ivoire,Côte d'Ivoire,,6350.6,,6031.2,5466.1,2791.5,,,,8692.4,10194.8,2957.3,,8037.7,6474.7,EN.ATM.CO2E.KT,,,5698.7,6494.3,,,,,3365.1,5876.5,,,10563.8,,,,6838.9,10838.9,,2772.1,9593.5,9805.7,4989.7,5307.6,,2705.4,,,3093.6,,,Émissions de CO2 (kt),6489.4,,,5657.8,4053.6,,10894.9,,6118.3,,4972.6,,9196.9,,,,,6831.4
32.0,CMR,Cameroon,Cameroun,,7014.4,,7032.4,5122.6,6966.2,,,,7526.8,9749.7,5766.9,,6866.7,6393.5,EN.ATM.CO2E.KT,,,5091.7,5156.8,,,,,4679.5,5016.3,,,9076.0,,,,5133.3,9557.3,,6846.8,8974.7,8500.2,5040.5,5206.0,,2900.0,,,4619.3,,,Émissions de CO2 (kt),5209.1,,,6131.5,4755.4,,9928.4,,6801.5,,4862.4,,8222.8,,,,,4788.4
250.0,COD,Democratic Republic of the Congo,"Congo, République démocratique du",,2653.9,,2502.8,1939.7,1737.9,,,,3959.5,2813.9,1896.19,,2827.3,2553.3,EN.ATM.CO2E.KT,,,2282.8,1565.44,,,,,2110.94,2208.7,,,2845.0,,,,1650.2,3031.2,,1482.42,2421.14,3231.4,2275.74,1998.6,,3179.0,,,2208.23,,,Émissions de CO2 (kt),1634.93,,,2472.8,2271.34,,3025.6,,3016.9,,2269.97,,5136.1,,,,,2098.08
46.0,COG,Congo,"Congo, République du",,5423.35,,4838.56,3514.5,3193.42,,,,5311.61,6216.9,2690.49,,5260.75,4360.59,EN.ATM.CO2E.KT,,,4777.96,4243.5,,,,,2634.81,4313.23,,,5406.7,,,,2755.2,7006.1,,3128.17,5497.6,5655.0,3875.7,3224.9,,3201.15,,,2054.7,,,Émissions de CO2 (kt),4346.986,,,4150.72,3168.04,,7153.9,,5383.97,,3266.223,,5175.1,,,,,3961.8
44.0,COL,Colombia,Colombie,,64146.1,,62670.6,56608.9,51098.7,,,,77725.4,79355.2,56659.9,,70223.2,60298.1,EN.ATM.CO2E.KT,,,58193.0,59588.3,,,,,60043.3,58187.0,,,75674.0,,,,57373.0,79186.7,,53199.4,83526.2,81017.2,65071.4,56716.0,,49364.4,,,57514.5,,,Émissions de CO2 (kt),58995.5,,,59709.9,59253.3,,79057.6,,69771.1,,64837.0,,80091.0,,,,,55922.1
45.0,COM,Comoros,Comores,,167.8,,140.4,153.2,68.7,,,,192.2,302.7,73.3,,160.1,114.1,EN.ATM.CO2E.KT,,,172.1,109.8,,,,,78.0,147.0,,,279.0,,,,109.7,326.2,,70.3,217.9,185.9,92.2,139.7,,65.5,,,74.9,,,Émissions de CO2 (kt),104.9,,,111.8,79.6,,328.2,,150.0,,84.3,,171.9,,,,,96.9
35.0,CPV,Cabo Verde,Cabo Verde,,540.7,,510.6,416.0,169.8,,,,502.0,594.7,173.1,,525.6,475.7,EN.ATM.CO2E.KT,,,518.7,358.5,,,,,201.7,451.5,,,584.7,,,,392.0,617.2,,182.9,542.9,499.9,248.1,419.1,,183.8,,,175.9,,,Émissions de CO2 (kt),305.8,,,460.0,222.4,,620.6,,566.8,,230.1,,496.4,,,,,295.6
48.0,CRI,Costa Rica,Costa Rica,,7105.5,,7198.5,5943.6,3061.6,,,,7778.7,8166.6,4180.9,,7446.7,7515.3,EN.ATM.CO2E.KT,,,6557.0,5422.7,,,,,4809.8,6273.9,,,8173.5,,,,5523.2,7956.4,,4148.5,8008.9,7537.9,5015.3,5798.9,,2871.2,,,4850.5,,,Émissions de CO2 (kt),4946.8,,,7602.5,4526.9,,6967.4,,7430.8,,4493.9,,7832.3,,,,,5034.0
,CSS,,Petits états des Caraïbes,,38301.47,,35974.17,35110.06,27978.372072,,,,40477.58,37801.5,26203.362022,,39118.25,38498.49,EN.ATM.CO2E.KT,,,40350.77,30033.96,,,,,25222.981167,36627.06,,,36313.3,,,,30811.46,37614.99,,28528.882047,37223.056,39284.4,28405.224277,34223.46,,27695.208097,,,24806.982797,,,Émissions de CO2 (kt),28485.22,,,41066.58,26225.193537,,32776.99,,39660.78,,27077.785907,,40085.4586,,,,,28791.492647
49.0,CUB,Cuba,Cuba,,28110.0,,26979.6,25364.8,27418.0,,,,28869.7,26674.6,20152.3,,28690.9,26747.1,EN.ATM.CO2E.KT,,,26780.2,27465.1,,,,,23175.5,26317.9,,,26241.3,,,,26423.5,24418.5,,21771.8,27176.4,29209.8,27112.5,25628.6,,35621.6,,,21719.4,,,Émissions de CO2 (kt),28353.1,,,27677.5,25203.4,,24327.8,,27586.3,,27448.2,,26677.1,,,,,27998.5
279.0,CUW,Curaçao,Curacao,,,,,,,,,,,,,,,,EN.ATM.CO2E.KT,,,,,,,,,,,,,,,,,,,,,,,,,,,,,,,,Émissions de CO2 (kt),,,,,,,,,,,,,,,,,,
36.0,CYM,Cayman Islands,Îles Caïmans,,,,,,,,,,,,,,,,EN.ATM.CO2E.KT,,,,,,,,,,,,,,,,,,,,,,,,,,,,,,,,Émissions de CO2 (kt),,,,,,,,,,,,,,,,,,
50.0,CYP,Cyprus,Chypre,,7898.4,,8276.1,7778.8,5109.0,,,,6427.7,7198.6,5735.8,,7098.8,8490.7,EN.ATM.CO2E.KT,,,7999.4,6992.1,,,,,5848.0,7900.8,,,7361.2,,,,7168.5,7191.0,,5479.7,7219.2,6851.9,6610.0,7834.1,,4591.2,,,5977.9,,,Émissions de CO2 (kt),7127.7,,,8307.1,6211.3,,6771.8,,7634.6,,6304.9,,6811.8,,,,,6871.1
167.0,CZE,Czechia,République tchèque,,114167.6,,113246.1,123786.0,139757.1,,,,102910.3,102734.3,130982.2,,107320.2,118718.3,EN.ATM.CO2E.KT,,,122553.6,124341.3,,,,,124519.0,121893.6,,,103549.9,,,,120209.9,97712.9,,136842.4,102998.0,101167.5,119767.3,123372.9,,153149.3,,,125199.7,,,Émissions de CO2 (kt),124716.7,,,124432.8,128483.7,,88835.2,,111220.1,,126005.8,,99960.6,,,,,112359.9
79.0,DEU,Germany,Allemagne,,773069.1,,734805.5,821073.6,932548.1,,,,776151.8,707770.2,887057.0,,760127.7,789690.4,EN.ATM.CO2E.KT,,,814413.1,847678.2,,,,,874659.4,802383.2,,,732204.2,,,,833382.2,658693.5,,892817.4,747147.2,742314.4,865253.7,836794.5,,955307.7,,,875897.1,,,Émissions de CO2 (kt),830284.1,,,783803.0,904337.4,,603350.5,,746477.3,,872646.5,,736011.7,,,,,833594.9
72.0,DJI,Djibouti,Djibouti,,519.1,,465.5,395.8,288.2,,,,558.79,414.9,305.8,,492.6,474.3,EN.ATM.CO2E.KT,,,432.6,376.5,,,,,315.8,429.3,,,403.4,,,,399.6,428.27,,304.5,395.47,446.55,393.8,414.4,,274.1,,,295.5,,,Émissions de CO2 (kt),373.4,,,470.2,296.0,,427.7,,474.9,,331.8,,402.17,,,,,393.3
55.0,DMA,Dominica,Dominique,,172.5,,163.8,144.3,62.7,,,,171.4,165.3,66.1,,167.0,165.7,EN.ATM.CO2E.KT,,,155.3,139.1,,,,,83.1,148.4,,,165.6,,,,105.6,174.1,,62.8,182.5,180.9,92.9,121.5,,62.7,,,69.4,,,Émissions de CO2 (kt),125.3,,,164.0,69.7,,162.8,,152.1,,91.1,,180.0,,,,,102.3
54.0,DNK,Denmark,Danemark,,48124.8,,47933.6,53727.6,62700.3,,,,39960.7,33133.3,59301.1,,38216.2,50127.7,EN.ATM.CO2E.KT,,,58134.0,54245.4,,,,,60038.4,50201.9,,,33184.0,,,,53839.7,29696.5,,56970.3,35340.3,33704.9,59710.3,59234.0,,51978.0,,,63171.5,,,Émissions de CO2 (kt),52602.0,,,53411.4,73375.1,,27356.5,,43098.0,,63617.3,,35820.0,,,,,56728.5
56.0,DOM,Dominican Republic,République dominicaine,,20680.8,,19657.2,17282.2,8229.6,,,,21287.2,25366.0,9520.4,,21681.5,20581.3,EN.ATM.CO2E.KT,,,20368.5,18983.7,,,,,11844.7,18690.8,,,23551.3,,,,20884.1,25775.2,,9620.4,24593.5,23590.5,16616.1,18725.2,,7860.7,,,11138.3,,,Émissions de CO2 (kt),18670.6,,,20626.8,12728.5,,22881.3,,20913.9,,14502.8,,21450.7,,,,,17794.0
4.0,DZA,Algeria,Algérie,,114179.4,,112172.2,89492.7,66428.5,,,,139024.1,164534.1,72219.1,,134934.2,107745.5,EN.ATM.CO2E.KT,,,99808.7,78645.5,,,,,76440.2,94187.8,,,157704.4,,,,82404.3,170582.4,,66844.6,154654.3,156273.0,74649.1,88188.9,,62936.9,,,73606.2,,,Émissions de CO2 (kt),80046.8,,,102750.2,76123.8,,161563.0,,120784.9,,74433.2,,147735.2,,,,,77505.3
,EAP,,Asie de l’Est et Pacifique (hors revenu élevé),,9654293.1,,8816028.69,6090553.99,2823141.84,,,,11252643.83,12214599.4,3212685.429589,,10809799.3,8311664.1,EN.ATM.CO2E.KT,,,7477420.9,4366771.71,,,,,3749195.491962,6834676.03,,,11608128.4,,,,4664764.44,12535996.7,,2950892.095028,11291996.0,11254077.3,3969055.628127,5344565.0,,2665961.556,,,3367636.986445,,,Émissions de CO2 (kt),4141518.42,,,8074794.43,3774435.93135,,12660698.2,,10515988.7,,3886600.519183,,11372410.3,,,,,3925971.507523
,EAR,,de dividende précoce démographique,,5857230.62,,5581244.39,4480288.94,2739316.112072,,,,6455704.659,7382656.3575,2911432.941611,,6383658.605,5419740.08,EN.ATM.CO2E.KT,,,4924956.37,3962589.65,,,,,3182800.872129,4670965.26,,,7211474.182,,,,4084583.54,7347348.73,,2812697.397075,6951805.908,6839149.542,3610180.567404,4252138.45,,2612523.044097,,,3047080.402242,,,Émissions de CO2 (kt),3867900.42,,,5220062.37,3339765.414887,,6805648.307,,6085825.117,,3502837.95509,,6781898.692,,,,,3727213.88017
,EAS,,Asie de l’Est et Pacifique,,11863420.2,,10916830.29,8227512.79,4523221.24,,,,13591102.73,14437176.3,4985060.629589,,13143266.3,10453538.8,EN.ATM.CO2E.KT,,,9611423.1,6419834.11,,,,,5662345.191962,8976141.83,,,13869889.0,,,,6763372.54,14703257.4,,4690840.495028,13550289.3,13510201.2,5862285.528127,7452441.4,,4322250.256,,,5229346.686445,,,Émissions de CO2 (kt),6188981.82,,,10269588.53,5738115.43135,,14708135.6,,12805112.1,,5869798.919183,,13640572.8,,,,,5901423.807523
,ECA,,Europe et Asie centrale (hors revenu élevé),,2840620.8,,2703712.95,2707329.097687,3730906.740692,,,,2904794.2,2913541.0,3198472.599997,,2959664.3,2930278.56,EN.ATM.CO2E.KT,,,2833981.6,2565856.51822,,,,,2746260.83624,2722434.9,,,2832835.0,,,,2599642.599476,2922190.2,,3506475.403865,2771362.1,2739709.6,2516228.874585,2707914.413348,,3838019.540257,,,2839358.722545,,,Émissions de CO2 (kt),2577216.352393,,,2891014.6,2654664.474239,,2830714.8,,2997334.1,,2517460.926938,,2811027.4,,,,,2510998.670108
,ECS,,Europe et Asie centrale,,6579733.278439,,6339923.148673,6793339.070517,7846626.453843,,,,6386728.464887,6177967.890403,7110491.562417,,6524680.837447,6856012.433867,EN.ATM.CO2E.KT,,,6908752.5068,6566293.03127,,,,,6687518.121854,6788006.384322,,,6166584.297397,,,,6578328.567749,6034379.546716,,7499646.758356,6099478.730256,6073951.401794,6487492.669298,6788126.321864,,7966959.675113,,,6738164.877635,,,Émissions de CO2 (kt),6507573.874391,,,6907496.871925,6714980.890606,,5641772.700492,,6594980.407993,,6490296.501429,,6104308.52317,,,,,6429218.086505
58.0,ECU,Ecuador,Équateur,,37254.0,,34498.5,26177.7,15740.3,,,,39701.1,40273.2,16952.8,,37085.1,31688.0,EN.ATM.CO2E.KT,,,30126.3,24251.5,,,,,20917.9,28220.3,,,38549.3,,,,24172.3,39631.4,,16845.2,39791.7,41390.3,24469.9,24655.8,,15422.6,,,18804.1,,,Émissions de CO2 (kt),22051.5,,,30635.9,23997.7,,34431.0,,37096.6,,24953.6,,41801.2,,,,,21614.4
59.0,EGY,Egypt,"Égypte, République arabe d’",,200313.3,,197660.5,144503.9,89369.5,,,,213856.4,237983.0,92661.9,,215000.9,189935.2,EN.ATM.CO2E.KT,,,170745.0,126704.4,,,,,93722.3,162217.1,,,244540.5,,,,129441.2,217908.3,,90903.6,235425.8,226283.6,110982.4,133020.4,,87745.4,,,87900.8,,,Émissions de CO2 (kt),114614.4,,,183395.7,98940.1,,210752.3,,205767.3,,106057.6,,219121.1,,,,,116535.3
,EMU,,Zone euro,,2502105.4,,2438244.8,2754053.7,2641358.7,,,,2333241.5,2202668.9,2512544.91,,2382523.5,2635002.3,EN.ATM.CO2E.KT,,,2729756.3,2679463.0,,,,,2559822.72,2746418.1,,,2259522.6,,,,2684265.9,2095558.337,,2565850.1,2256275.0,2256390.7,2630979.9,2741292.4,,2625211.1,,,2512016.3,,,Émissions de CO2 (kt),2632598.97,,,2692546.8,2616895.9,,1872835.52,,2412403.2,,2589693.9,,2209017.5,,,,,2614065.7
178.0,ERI,Eritrea,Érythrée,,502.95,,467.83,703.5,0.0,,,,589.43,677.7,630.7,,625.34,449.31,EN.ATM.CO2E.KT,,,529.57,692.92,,,,,796.67,589.83,,,581.47,,,,679.15,697.2,,435.7,580.5,570.9,611.05,684.98,,0.0,,,730.66,,,Émissions de CO2 (kt),633.19,,,516.52,870.42,,706.4,,595.89,,824.07,,592.22,,,,,646.32
203.0,ESP,Spain,Espagne,,274140.6,,288131.2,335560.3,222099.7,,,,243794.9,258373.2,218079.8,,270280.4,324274.2,EN.ATM.CO2E.KT,,,341776.3,294786.8,,,,,240567.3,350499.8,,,264723.7,,,,312753.3,241886.5,,232369.6,248252.1,257251.2,256215.5,318657.7,,214950.6,,,228452.7,,,Émissions de CO2 (kt),293314.3,,,354683.1,230113.2,,202705.8,,275470.1,,248603.1,,241979.9,,,,,278300.5
63.0,EST,Estonia,Estonie,,18500.4,,14047.9,16755.0,31869.2,,,,18846.5,15716.9,18332.1,,16989.0,17481.5,EN.ATM.CO2E.KT,,,16090.0,15231.7,,,,,16498.1,16807.7,,,16773.5,,,,14795.1,10060.7,,23010.6,15907.2,14377.1,16427.8,16682.0,,34544.9,,,18685.7,,,Émissions de CO2 (kt),14932.5,,,19765.8,17480.0,,7097.52,,18502.6,,17858.5,,17594.9,,,,,15487.3
238.0,ETH,Ethiopia,Éthiopie,,6473.2,,6534.5,5334.2,2333.1,,,,10190.8,17028.4,1941.3,,8559.0,6487.7,EN.ATM.CO2E.KT,,,5404.8,4401.3,,,,,2574.7,5049.5,,,15882.4,,,,4571.5,17708.0,,1517.2,15247.2,13046.3,3227.6,5022.4,,2310.7,,,2261.4,,,Émissions de CO2 (kt),3557.0,,,5963.5,2870.5,,18098.0,,7551.5,,3058.4,,12490.3,,,,,3176.6
,EUU,,Union européenne,,3215802.7,,3131197.5,3507059.1,3530556.1,,,,2984329.5,2867932.0,3350884.41,,3061105.0,3378385.8,EN.ATM.CO2E.KT,,,3498536.7,3421057.2,,,,,3391251.72,3489983.9,,,2932145.5,,,,3412869.0,2729768.437,,3414360.0,2907404.0,2897317.9,3413106.8,3502699.1,,3567900.9,,,3340150.1,,,Émissions de CO2 (kt),3364061.47,,,3456870.4,3490934.2,,2465025.42,,3121388.9,,3421979.1,,2839976.1,,,,,3355112.6
,FCS,,Fragile et les situations de conflit touchées,,883972.857224,,818411.601108,827935.186363,1011796.297094,,,,943408.52,866573.51,915663.549142,,927721.76,862219.515288,EN.ATM.CO2E.KT,,,843265.126212,815387.911617,,,,,855511.175767,841070.693225,,,837379.39,,,,808605.232257,854476.82,,964972.850723,845830.84,834153.97,787773.207441,838486.016164,,1048294.010181,,,846579.971085,,,Émissions de CO2 (kt),790011.143652,,,837503.184679,830252.441325,,759327.426,,887772.307189,,837187.024587,,918574.88,,,,,765267.100746
67.0,FIN,Finland,Finlande,,62526.4,,54180.9,67682.9,55132.7,,,,50191.3,44395.5,53461.8,,49408.1,56660.1,EN.ATM.CO2E.KT,,,67024.9,61088.1,,,,,56092.5,55460.2,,,43015.4,,,,63439.7,40987.1,,52280.5,45700.3,42815.4,57265.6,71708.1,,54562.8,,,59927.6,,,Émissions de CO2 (kt),55097.5,,,65102.7,62574.4,,36329.9,,55123.4,,60624.0,,46161.7,,,,,56509.9
66.0,FJI,Fiji,Fidji,,1126.3,,766.7,1319.6,721.15,,,,1066.9,1387.2,745.09,,993.5,863.4,EN.ATM.CO2E.KT,,,1200.0,1040.4,,,,,751.67,1071.1,,,1331.1,,,,877.0,1393.5,,758.35,1198.6,1263.8,766.25,1036.5,,712.98,,,743.33,,,Émissions de CO2 (kt),836.58,,,1128.8,808.6,,1028.2,,1055.8,,785.91,,1213.6,,,,,786.32
68.0,FRA,France,France,,347940.1,,343882.5,377948.5,380691.3,,,,338453.1,306948.4,349524.6,,338315.4,358211.2,EN.ATM.CO2E.KT,,,371741.0,376860.3,,,,,352283.1,380816.1,,,317721.2,,,,371167.2,300561.6,,368655.7,313835.2,311175.4,381182.3,376838.7,,356297.9,,,344475.4,,,Émissions de CO2 (kt),373235.8,,,363052.2,367959.6,,267154.7,,335031.9,,359140.5,,306017.4,,,,,375003.6
64.0,FRO,Faroe Islands,Îles Féroé,,,,,,,,,,,,,,,,EN.ATM.CO2E.KT,,,,,,,,,,,,,,,,,,,,,,,,,,,,,,,,Émissions de CO2 (kt),,,,,,,,,,,,,,,,,,
145.0,FSM,Micronesia (Federated States of),"Micronésie, États fédérés de",,105.2,,152.2,149.7,0.0,,,,138.5,147.8,149.7,,132.4,117.1,EN.ATM.CO2E.KT,,,120.8,173.9,,,,,184.8,122.2,,,146.7,,,,158.3,148.2,,140.1,147.1,144.9,214.0,168.5,,0.0,,,159.2,,,Émissions de CO2 (kt),187.3,,,135.6,191.1,,107.5,,119.3,,201.3,,141.0,,,,,199.3
74.0,GAB,Gabon,Gabon,,5762.09,,5207.58,6091.1,4556.56,,,,5790.27,5120.4,4654.94,,5601.97,5272.57,EN.ATM.CO2E.KT,,,5437.1,6225.75,,,,,5211.04,6058.3,,,5344.7,,,,5955.4,5274.5,,4531.88,6383.7,6115.8,6389.29,6436.4,,4099.12,,,4615.51,,,Émissions de CO2 (kt),6080.0,,,4941.11,5806.06,,5349.2,,5777.14,,5564.93,,5962.05,,,,,6027.89
229.0,GBR,United Kingdom of Great Britain and Northern Ireland,Royaume-Uni,,482646.2,,466492.5,543075.9,570681.6,,,,453778.1,360555.9,541376.4,,467831.0,515335.6,EN.ATM.CO2E.KT,,,542060.8,545262.2,,,,,526808.2,540917.0,,,366844.1,,,,530785.9,345934.3,,557885.6,382154.9,401075.3,526000.6,543037.1,,561774.5,,,535183.2,,,Émissions de CO2 (kt),530888.2,,,530502.5,545478.1,,308650.3,,445648.4,,524191.2,,415609.0,,,,,522752.6
73.0,GEO,Georgia,Géorgie,,5322.1,,5624.3,3373.1,25505.9,,,,8024.0,9725.2,16093.7,,7193.0,4838.8,EN.ATM.CO2E.KT,,,4701.3,3516.2,,,,,8177.32,4243.1,,,9907.1,,,,2958.4,10549.6,,20072.9,9813.6,9399.4,4990.37,3157.2,,33488.3,,,10443.86,,,Émissions de CO2 (kt),4772.8,,,5626.6,6363.3,,10255.0,,6521.8,,5518.89,,8654.0,,,,,4522.2
81.0,GHA,Ghana,Ghana,,10382.6,,9320.3,5924.8,2257.2,,,,13899.7,16774.9,2696.5,,12876.5,7966.9,EN.ATM.CO2E.KT,,,7798.5,5444.5,,,,,3184.4,6331.1,,,15135.0,,,,6669.7,18039.1,,2657.6,14545.3,14320.7,5438.7,6381.0,,2516.9,,,2914.6,,,Émissions de CO2 (kt),4949.5,,,8418.5,3483.3,,19401.16,,10803.1,,3604.6,,13366.7,,,,,5818.9
82.0,GIB,Gibraltar,Gibraltar,,,,,,,,,,,,,,,,EN.ATM.CO2E.KT,,,,,,,,,,,,,,,,,,,,,,,,,,,,,,,,Émissions de CO2 (kt),,,,,,,,,,,,,,,,,,
90.0,GIN,Guinea,Guinée,,2502.8,,2124.1,1772.9,1024.9,,,,2160.0,3735.0,1085.2,,2468.8,2012.8,EN.ATM.CO2E.KT,,,1901.4,1568.5,,,,,1161.5,1835.6,,,3321.6,,,,1630.5,4517.0,,1055.3,2806.5,2522.3,1362.6,1707.9,,999.1,,,1121.9,,,Émissions de CO2 (kt),1494.9,,,1978.5,1230.4,,4537.9,,2621.7,,1289.9,,2225.7,,,,,1433.9
75.0,GMB,Gambia,Gambie,,434.2,,484.9,314.6,198.1,,,,430.6,597.8,207.2,,452.9,427.7,EN.ATM.CO2E.KT,,,357.2,308.6,,,,,216.9,329.5,,,602.3,,,,296.2,606.9,,198.1,593.2,585.9,244.9,296.2,,194.5,,,207.2,,,Émissions de CO2 (kt),244.8,,,409.0,219.9,,611.4,,446.9,,229.3,,506.8,,,,,259.9
175.0,GNB,Guinea-Bissau,Guinée-Bissau,,241.0,,234.6,205.4,173.1,,,,247.4,317.8,185.2,,246.0,223.6,EN.ATM.CO2E.KT,,,216.7,148.2,,,,,185.0,209.5,,,306.6,,,,153.6,325.3,,177.6,305.0,281.9,172.4,195.1,,171.9,,,183.6,,,Émissions de CO2 (kt),147.0,,,229.9,177.0,,329.0,,243.5,,197.3,,263.6,,,,,191.6
61.0,GNQ,Equatorial Guinea,Guinée équatoriale,,6047.8,,6066.1,5517.6,72.6,,,,5990.0,5068.5,974.5,,5868.9,5816.1,EN.ATM.CO2E.KT,,,5584.4,2892.6,,,,,1117.0,5609.9,,,5369.3,,,,2543.5,4876.5,,901.9,5830.1,5494.2,2051.9,2795.3,,69.6,,,1050.5,,,Émissions de CO2 (kt),1982.3,,,6326.2,1224.9,,4350.4,,6089.1,,1687.9,,5946.6,,,,,3307.0
84.0,GRC,Greece,Grèce,,87578.5,,94740.2,99844.6,75818.0,,,,72484.2,65021.2,78090.9,,80085.3,100405.6,EN.ATM.CO2E.KT,,,100702.8,96607.8,,,,,82834.5,101947.3,,,66795.5,,,,96596.2,59990.3,,78176.9,66848.6,68010.2,87127.2,100216.6,,75619.4,,,79730.8,,,Émissions de CO2 (kt),94460.6,,,104309.9,82753.7,,51002.2,,84547.2,,83761.7,,69548.7,,,,,87395.5
86.0,GRD,Grenada,Grenade,,273.6,,262.4,216.8,121.8,,,,317.1,320.3,129.3,,278.6,261.5,EN.ATM.CO2E.KT,,,235.9,207.2,,,,,149.4,228.0,,,287.5,,,,210.5,346.2,,125.5,277.4,272.6,198.0,223.2,,114.9,,,138.9,,,Émissions de CO2 (kt),198.6,,,250.8,173.0,,324.5,,260.3,,183.2,,253.5,,,,,205.2
85.0,GRL,Greenland,Groenland,,,,,,,,,,,,,,,,EN.ATM.CO2E.KT,,,,,,,,,,,,,,,,,,,,,,,,,,,,,,,,Émissions de CO2 (kt),,,,,,,,,,,,,,,,,,
89.0,GTM,Guatemala,Guatemala,,11477.6,,11884.4,10780.4,4034.7,,,,13046.3,18075.7,5118.0,,12183.7,11272.3,EN.ATM.CO2E.KT,,,11550.1,9840.0,,,,,6369.1,11557.6,,,16530.1,,,,10494.3,19017.8,,4834.9,17451.9,16455.9,8305.3,10568.6,,3932.0,,,5445.4,,,Émissions de CO2 (kt),9443.3,,,12442.2,6202.0,,16865.2,,11774.9,,6566.3,,13998.5,,,,,8218.5
88.0,GUM,Guam,Guam,,,,,,,,,,,,,,,,EN.ATM.CO2E.KT,,,,,,,,,,,,,,,,,,,,,,,,,,,,,,,,Émissions de CO2 (kt),,,,,,,,,,,,,,,,,,
91.0,GUY,Guyana,Guyana,,1759.3,,1627.2,1671.7,1144.2,,,,1975.6,2587.1,1087.0,,2000.8,1603.7,EN.ATM.CO2E.KT,,,1332.8,1643.8,,,,,1530.6,1481.6,,,2473.8,,,,1621.9,2795.9,,1080.7,2478.6,2079.93,1747.6,1617.8,,1171.9,,,1413.1,,,Émissions de CO2 (kt),1660.3,,,1605.2,1580.0,,2768.5,,1831.6,,1722.2,,2063.3886,,,,,1735.8
,HIC,,Revenu élevé,,12887172.878439,,12354107.898673,13209657.27283,11426219.563151,,,,12611681.634887,12221420.260403,11543226.82242,,12522106.257447,13096255.973867,EN.ATM.CO2E.KT,,,13201018.6068,12923293.83305,,,,,11897952.965614,13256910.784322,,,12200901.367397,,,,12842274.548273,11869050.116716,,11461159.154491,12276032.900256,12370867.601794,12493836.314713,13069861.818516,,11431204.714856,,,11729499.56509,,,Émissions de CO2 (kt),12857970.821998,,,13365230.371925,12265568.566367,,10864997.070492,,12666917.357993,,12504640.374491,,12411919.08177,,,,,12571708.396397
96.0,HKG,"China, Hong Kong SAR","Chine, RAS de Hong Kong",,,,,,,,,,,,,,,,EN.ATM.CO2E.KT,,,,,,,,,,,,,,,,,,,,,,,,,,,,,,,,Émissions de CO2 (kt),,,,,,,,,,,,,,,,,,
95.0,HND,Honduras,Honduras,,7926.8,,8072.9,7557.8,2454.6,,,,9685.0,9031.3,2900.7,,9985.4,8587.1,EN.ATM.CO2E.KT,,,7974.5,5800.1,,,,,3868.5,6973.6,,,9377.0,,,,6087.8,10196.4,,2734.2,10394.7,10538.2,4679.0,6726.2,,2453.7,,,3252.1,,,Émissions de CO2 (kt),4987.2,,,8536.1,3904.6,,8835.4,,9470.4,,4036.7,,9884.1,,,,,4745.2
,HPC,,Pays pauvres très endettés (PPTE),,143523.907,,133168.86,96808.522,61800.5628,,,,172090.18,221875.68,59177.292,,164030.6,124934.147,EN.ATM.CO2E.KT,,,110324.642,82995.648,,,,,63207.063,101825.947,,,212449.09,,,,87765.76,235656.82,,61682.293,204997.72,194550.88,75518.595,91838.104,,59679.75,,,59789.644,,,Émissions de CO2 (kt),79236.603,,,118850.086,66857.095,,224996.636,,155242.9249,,71473.086,,182498.5086,,,,,78133.474
98.0,HRV,Croatia,Croatie,,19457.3,,20305.9,21092.7,14744.9,,,,17010.6,16433.4,15536.5,,17403.0,21726.3,EN.ATM.CO2E.KT,,,21598.3,19196.0,,,,,15452.9,21445.0,,,17407.9,,,,20276.7,16523.3,,15031.2,16876.8,16602.3,18527.5,21607.9,,20341.4,,,14865.0,,,Émissions de CO2 (kt),18034.4,,,22872.0,15254.4,,15626.9,,19027.6,,17069.6,,16236.4,,,,,18513.6
93.0,HTI,Haiti,Haïti,,2458.2,,1991.4,1666.8,1001.6,,,,2650.86,3289.74,694.5,,2415.34,2029.3,EN.ATM.CO2E.KT,,,1718.8,1600.5,,,,,902.3,1704.8,,,3326.24,,,,1827.2,3317.34,,901.01,3364.54,3280.44,1310.0,1810.3,,1020.42,,,189.0,,,Émissions de CO2 (kt),1473.3,,,2045.4,1058.2,,3209.04,,2697.54,,1274.2,,3021.14,,,,,1381.7
97.0,HUN,Hungary,Hongrie,,47880.5,,47839.1,56349.8,64552.2,,,,40762.6,49202.9,58382.4,,43427.2,53014.2,EN.ATM.CO2E.KT,,,55457.5,56280.4,,,,,57431.3,55921.2,,,49449.8,,,,55599.9,47261.8,,58001.9,44248.4,43384.1,57353.3,58186.9,,67421.0,,,57784.3,,,Émissions de CO2 (kt),54633.3,,,53850.4,58454.9,,44769.3,,46907.3,,56990.1,,40625.2,,,,,57910.5
,IBD,,BIRD seulement,,17493003.36,,16269906.92,12668614.817687,9042337.602764,,,,19792020.549,21214156.1175,9090520.142019,,19248774.835,15864152.26,EN.ATM.CO2E.KT,,,14512525.17,10424840.67822,,,,,9453145.487407,13582248.01,,,20409330.842,,,,10813590.109476,21462940.42,,9027596.935912,19913335.898,19836736.512,9747255.073862,11713930.133348,,8932851.548354,,,9033243.735342,,,Émissions de CO2 (kt),10112500.232393,,,15401788.09,9542421.227776,,20952613.307,,18681912.707,,9665417.822845,,20038180.862,,,,,9737601.162755
,IBT,,BIRD et IDA,,18195832.897224,,16934330.031108,13262195.66405,9481601.569658,,,,20532522.319,22135333.6975,9529523.03975,,19971471.635,16535903.892288,EN.ATM.CO2E.KT,,,15148734.180212,10977442.979837,,,,,9894124.281136,14195904.770225,,,21305472.432,,,,11368770.501733,22406640.81,,9471676.055663,20755543.988,20620384.742,10245927.27943,12282835.556512,,9355846.65953501,,,9461070.429872,,,Émissions de CO2 (kt),10647805.916045,,,16058158.214679,10013909.712451,,21862973.943,,19410301.744189,,10146379.119615,,20808546.9406,,,,,10251558.285024
,IDA,,IDA totale,,702829.537224,,664423.111108,593580.846363,439263.966894,,,,740501.77,921177.58,439002.897731,,722696.8,671751.632288,EN.ATM.CO2E.KT,,,636209.010212,552602.301617,,,,,440978.793729,613656.760225,,,896141.59,,,,555180.392257,943700.39,,444079.119751,842208.09,783648.23,498672.205568,568905.423164,,422995.111181,,,427826.69453,,,Émissions de CO2 (kt),535305.683652,,,656370.124679,471488.484675,,910360.636,,728389.037189,,480961.29677,,770366.0786,,,,,513957.122269
,IDB,,IDA mélange,,400194.95,,378407.16,375386.3,298836.77,,,,413788.91,470381.4,309791.18,,397276.85,392838.39,EN.ATM.CO2E.KT,,,385155.26,364006.3,,,,,300168.48,375055.23,,,471480.4,,,,358228.8,478944.6,,310019.92,451539.2,425262.9,330029.15,360578.4,,281986.53,,,295781.73,,,Émissions de CO2 (kt),355972.766,,,387040.12,319586.84,,465301.4,,411020.57,,321642.433,,425235.4,,,,,339086.22
101.0,IDN,Indonesia,Indonésie,,415536.6,,391082.7,341235.4,162314.5,,,,448400.2,568007.6,185087.3,,481791.3,376137.8,EN.ATM.CO2E.KT,,,364467.0,302055.0,,,,,223678.8,342148.1,,,515395.7,,,,305633.0,605290.6,,171415.6,483978.7,489052.8,262705.1,333878.1,,148342.9,,,199175.8,,,Émissions de CO2 (kt),280635.7,,,379956.6,236717.1,,563197.0,,475800.9,,261157.0,,484640.1,,,,,279482.9
,IDX,,IDA seulement,,302634.587224,,286015.951108,218194.546363,140427.196894,,,,326712.86,450796.18,129211.717731,,325419.95,278913.242288,EN.ATM.CO2E.KT,,,251053.750212,188596.001617,,,,,140810.313729,238601.530225,,,424661.19,,,,196951.592257,464755.79,,134059.199751,390668.89,358385.33,168643.055568,208327.023164,,141008.581181,,,132044.96453,,,Émissions de CO2 (kt),179332.917652,,,269330.004679,151901.644675,,445059.236,,317368.467189,,159318.86377,,345130.6786,,,,,174870.902269
264.0,IMN,Isle of Man,Île de Man,,,,,,,,,,,,,,,,EN.ATM.CO2E.KT,,,,,,,,,,,,,,,,,,,,,,,,,,,,,,,,Émissions de CO2 (kt),,,,,,,,,,,,,,,,,,
100.0,IND,India,Inde,,1659983.0,,1564881.1,1085666.9,607224.0,,,,1972429.4,2458175.9,651351.1,,1909442.0,1424383.0,EN.ATM.CO2E.KT,,,1215205.2,953537.3,,,,,737856.4,1136466.4,,,2308804.4,,,,985453.3,2423951.4,,626293.3,2195248.5,2158023.2,836269.9,1011770.9,,563575.4,,,685903.0,,,Émissions de CO2 (kt),937858.4,,,1336737.1,774070.2,,2200836.3,,1756744.0,,819268.8,,2147107.0,,,,,901325.2
,INX,,Non classifié,,,,,,,,,,,,,,,,EN.ATM.CO2E.KT,,,,,,,,,,,,,,,,,,,,,,,,,,,,,,,,Émissions de CO2 (kt),,,,,,,,,,,,,,,,,,
104.0,IRL,Ireland,Irlande,,40347.7,,40583.3,44687.6,31466.7,,,,35688.2,37473.6,31653.6,,37009.5,45911.3,EN.ATM.CO2E.KT,,,47263.3,44815.3,,,,,33448.2,46650.5,,,37729.1,,,,43929.8,35812.2,,31505.4,39009.8,37087.2,38419.0,44086.8,,30961.5,,,32818.7,,,Émissions de CO2 (kt),42533.5,,,46604.8,34821.2,,33742.2,,36488.1,,35972.5,,35556.5,,,,,39973.3
102.0,IRN,Iran (Islamic Republic of),"Iran, République islamique d’",,541171.1,,542297.1,417660.4,219101.2,,,,583703.1,637433.7,236729.0,,559122.1,523048.3,EN.ATM.CO2E.KT,,,484179.1,354068.4,,,,,271519.5,450795.7,,,626427.9,,,,369875.8,625251.5,,233650.9,607216.3,599182.7,290997.4,389777.1,,198471.7,,,266697.1,,,Émissions de CO2 (kt),340456.2,,,514142.8,279812.1,,616561.3,,552050.9,,292398.6,,605356.1,,,,,323360.4
103.0,IRQ,Iraq,Iraq,,108550.3,,94205.5,88108.3,45545.1,,,,139103.6,168154.3,89562.0,,129004.3,88136.3,EN.ATM.CO2E.KT,,,82958.1,97553.3,,,,,100068.8,85127.9,,,156456.4,,,,91164.8,180687.6,,67338.2,143281.1,133169.7,91784.1,81278.1,,64206.4,,,102116.0,,,Émissions de CO2 (kt),87630.5,,,76650.1,98880.8,,163511.5,,113039.8,,118910.2,,134045.9,,,,,72714.4
99.0,ISL,Iceland,Islande,,1959.124,,2108.0,2309.99,1913.98,,,,2031.8,1699.3,1983.65,,1859.9,2182.63,EN.ATM.CO2E.KT,,,2311.85,2163.29,,,,,2001.14,2261.25,,,1671.0,,,,2243.77,1638.2,,1944.8,1633.0,2057.5,2153.38,2226.41,,1947.46,,,2090.64,,,Émissions de CO2 (kt),2225.44,,,2382.97,2266.72,,1446.6,,1888.35,,2153.97,,2047.5,,,,,2115.39
105.0,ISR,Israel,Israël,,70520.3,,65727.7,63159.9,34523.6,,,,67002.5,61424.5,40504.6,,76063.2,66708.0,EN.ATM.CO2E.KT,,,64331.0,57952.5,,,,,46775.3,61012.4,,,65906.3,,,,61080.6,62796.3,,36857.3,65233.0,66314.7,51504.7,62925.5,,33805.9,,,43361.2,,,Émissions de CO2 (kt),56997.3,,,66597.9,48734.1,,58471.8,,69822.8,,50967.4,,64717.8,,,,,52983.6
106.0,ITA,Italy,Italie,,405272.3,,397057.1,472404.8,404074.1,,,,346458.3,324884.2,396927.9,,376747.2,444984.5,EN.ATM.CO2E.KT,,,466654.5,436571.4,,,,,416415.0,473831.8,,,329193.3,,,,443473.1,317223.0,,402274.3,333344.8,337862.1,426372.2,462197.8,,405262.0,,,392285.5,,,Émissions de CO2 (kt),436296.6,,,459371.1,412153.5,,281286.8,,396687.4,,415517.3,,327498.0,,,,,433010.6
109.0,JAM,Jamaica,Jamaïque,,7479.8,,7889.0,10572.0,7405.3,,,,7402.3,8589.0,8327.1,,6959.0,9625.4,EN.ATM.CO2E.KT,,,12059.8,10086.3,,,,,8682.8,10563.7,,,7225.0,,,,10251.4,8394.3,,8148.5,7549.5,7088.7,9731.1,10597.0,,7466.8,,,8384.8,,,Émissions de CO2 (kt),10071.4,,,12029.5,9047.7,,5835.6,,7529.4,,9204.3,,7191.3,,,,,9986.5
112.0,JOR,Jordan,Jordanie,,20196.8,,20665.0,18580.9,9781.2,,,,23803.7,24710.0,12203.8,,24123.3,20009.0,EN.ATM.CO2E.KT,,,20167.0,16250.9,,,,,13604.1,19869.0,,,26021.8,,,,16873.5,23147.9,,11925.3,24730.0,25309.1,14616.0,17309.8,,9934.0,,,12994.3,,,Émissions de CO2 (kt),16268.1,,,21090.3,13868.3,,20974.1,,20756.3,,14373.6,,25553.1,,,,,14630.8
110.0,JPN,Japan,Japon,,1157241.8,,1102386.2,1207285.7,1103961.3,,,,1267376.2,1111115.3,1107586.8,,1254319.4,1158836.1,EN.ATM.CO2E.KT,,,1193043.3,1172339.5,,,,,1170985.4,1215474.4,,,1150835.0,,,,1206760.2,1073645.3,,1115035.1,1164869.4,1178349.1,1130280.5,1213929.5,,1090508.1,,,1160755.1,,,Émissions de CO2 (kt),1184424.9,,,1227990.8,1184646.6,,1014064.7,,1213775.6,,1172604.1,,1217306.6,,,,,1168954.7
108.0,KAZ,Kazakhstan,Kazakhstan,,229702.2,,213617.1,158029.6,246366.0,,,,260015.4,216896.7,219245.6,,244599.0,242038.0,EN.ATM.CO2E.KT,,,185299.3,117443.4,,,,,175237.63,169217.6,,,214897.7,,,,131067.44,204592.2,,253841.7,202475.7,191059.6,135838.36,146142.22,,237250.9,,,199170.1,,,Émissions de CO2 (kt),120151.999,,,198392.4,153394.84,,211896.7,,245455.3,,132240.74,,209261.3,,,,,122649.272
114.0,KEN,Kenya,Kenya,,13424.4,,12424.4,7662.7,6017.7,,,,14387.7,19253.9,5991.3,,12981.3,10411.7,EN.ATM.CO2E.KT,,,9765.4,7879.7,,,,,6571.2,8707.6,,,20097.2,,,,7664.8,19481.9,,6088.8,19310.1,18090.3,7411.2,6837.0,,6269.0,,,6107.0,,,Émissions de CO2 (kt),8630.2,,,9868.9,7198.2,,19446.8,,13963.9,,6797.8,,16700.0,,,,,7712.5
113.0,KGZ,Kyrgyzstan,République kirghize,,6394.4,,6734.6,5557.9,20422.9,,,,9455.0,11306.8,10080.7,,10146.0,7441.5,EN.ATM.CO2E.KT,,,5362.3,3962.1,,,,,4594.3,5307.0,,,9439.0,,,,4965.1,10017.4,,13764.1,9675.6,10266.6,6022.3,5579.7,,22762.3,,,6544.5,,,Émissions de CO2 (kt),4643.3,,,6473.1,5760.6,,9080.1,,7690.4,,5679.5,,9848.5,,,,,4784.7
115.0,KHM,Cambodia,Cambodge,,5140.8,,4745.0,2377.8,1304.384,,,,5737.6,13555.7,1384.992,,5673.9,4055.5,EN.ATM.CO2E.KT,,,2963.0,2152.6,,,,,1470.8,2657.5,,,12660.5,,,,2210.9,18093.2,,1348.352,11066.4,8432.6,1882.2,2378.2,,1260.416,,,1425.296,,,Émissions de CO2 (kt),1963.0,,,3660.73,1529.8,,18652.8,,5363.7,,1640.6,,6947.2,,,,,1907.1
83.0,KIR,Kiribati,Kiribati,,54.3,,58.6,50.8,24.7,,,,63.8,73.2,29.0,,57.7,64.0,EN.ATM.CO2E.KT,,,68.3,34.7,,,,,30.1,61.8,,,72.7,,,,43.7,73.6,,25.2,56.7,60.7,31.4,46.5,,24.0,,,27.3,,,Émissions de CO2 (kt),35.5,,,58.2,34.6,,56.9,,54.2,,32.9,,60.1,,,,,32.1
188.0,KNA,Saint Kitts and Nevis,Saint-Kitts-et-Nevis,,229.2,,228.6,219.2,115.3,,,,227.2,245.2,120.5,,229.1,221.3,EN.ATM.CO2E.KT,,,210.4,188.8,,,,,134.6,203.6,,,243.0,,,,201.8,247.5,,117.5,244.6,237.6,160.3,201.9,,113.7,,,131.3,,,Émissions de CO2 (kt),181.2,,,224.5,141.4,,231.0,,236.4,,148.1,,228.4,,,,,168.1
117.0,KOR,Republic of Korea,"Corée, République de",,575215.7,,526639.5,485909.6,274792.7,,,,599601.4,630186.6,327604.4,,600316.3,514924.5,EN.ATM.CO2E.KT,,,487852.1,456674.0,,,,,385406.0,481002.1,,,626178.4,,,,461000.1,612133.7,,297049.9,615443.6,607827.1,366567.2,463913.9,,247675.8,,,354277.1,,,Émissions de CO2 (kt),447237.3,,,503693.8,409990.3,,569681.8,,598480.8,,431637.6,,588088.6,,,,,401878.5
118.0,KWT,Kuwait,Koweït,,80725.6,,77654.2,61917.8,7823.39,,,,87363.8,92652.1,30742.6,,85316.1,75847.1,EN.ATM.CO2E.KT,,,72438.0,53188.7,,,,,36248.7,69910.7,,,90378.3,,,,55593.6,93863.6,,23045.8,91376.2,89021.7,42133.6,58121.0,,29128.4,,,36671.6,,,Émissions de CO2 (kt),49838.2,,,70599.5,35628.6,,92308.9,,83291.1,,37306.5,,85576.0,,,,,45741.6
,LAC,,Amérique latine et Caraïbes (hors revenu élevé),,1293925.57,,1209300.57,1104560.66,760924.142072,,,,1442058.97,1375196.37,794713.922022,,1401130.17,1248527.39,EN.ATM.CO2E.KT,,,1174509.87,1037180.96,,,,,850456.581167,1137549.56,,,1417992.07,,,,1036555.56,1376833.06,,772884.542047,1431232.126,1460444.24,1003199.824277,1058060.56,,734026.008097,,,837714.102797,,,Émissions de CO2 (kt),1036523.12,,,1218568.18,904035.623537,,1242200.06,,1352458.47,,960121.665907,,1459341.64,,,,,997471.292647
120.0,LAO,Lao People's Democratic Republic,République démocratique populaire lao,,2877.1,,2537.5,1211.21,545.936,,,,4160.8,19663.8,610.267589,,3271.9,2048.2,EN.ATM.CO2E.KT,,,1642.8,997.81,,,,,674.951962,1257.28,,,19054.5,,,,1105.48,19170.9,,595.573028,15702.2,8875.9,852.378127,1151.44,,512.96,,,638.320445,,,Émissions de CO2 (kt),903.07,,,1734.3,781.46135,,19178.9,,3043.0,,826.369183,,4344.5,,,,,878.107523
121.0,LBN,Lebanon,Liban,,20864.3,,21902.7,17879.3,7039.89,,,,23244.5,27401.3,10326.3,,23470.1,18646.0,EN.ATM.CO2E.KT,,,16233.7,16890.9,,,,,13304.9,17278.9,,,29170.9,,,,16836.2,26916.5,,7021.4,27755.1,27016.8,16255.4,17414.9,,5622.1,,,11274.4,,,Émissions de CO2 (kt),15672.8,,,15039.6,14123.6,,21474.9,,21175.1,,16127.5,,25151.0,,,,,17035.0
123.0,LBR,Liberia,Libéria,,729.76,,533.84,558.67,374.5198,,,,905.21,1126.6,420.769,,944.15,540.16,EN.ATM.CO2E.KT,,,687.15,448.27,,,,,422.237,667.8,,,1268.4,,,,443.76,1146.2,,402.374,1397.89,1247.8,490.455,476.087,,453.82,,,418.824,,,Émissions de CO2 (kt),425.81,,,641.07,435.902,,1179.5,,848.18,,454.743,,1205.1,,,,,399.774
124.0,LBY,Libya,Libye,,59559.6,,56404.0,48469.0,28821.6,,,,59767.3,54100.1,30590.9,,58315.1,53275.9,EN.ATM.CO2E.KT,,,52930.4,44456.9,,,,,43491.8,53004.1,,,52095.1,,,,45596.1,54692.7,,26342.3,48694.8,51331.2,41902.4,48931.5,,28603.5,,,38651.8,,,Émissions de CO2 (kt),44724.9,,,49395.5,45439.7,,44467.0,,41506.4,,42204.9,,59289.1,,,,,43223.2
189.0,LCA,Saint Lucia,Sainte-Lucie,,507.7,,444.2,416.9,200.8,,,,506.4,527.9,252.1,,507.0,444.9,EN.ATM.CO2E.KT,,,431.6,386.6,,,,,292.9,411.1,,,530.9,,,,373.3,534.6,,227.2,505.5,501.2,345.4,396.2,,192.8,,,278.3,,,Émissions de CO2 (kt),366.8,,,440.0,313.1,,499.2,,501.6,,314.0,,505.9,,,,,361.2
,LCN,,Amérique latine et Caraïbes,,1570608.87,,1468649.67,1331938.06,916268.072072,,,,1752196.84,1633570.34,957706.062022,,1707709.79,1508544.09,EN.ATM.CO2E.KT,,,1418262.47,1249594.66,,,,,1025898.381167,1376348.66,,,1685948.34,,,,1254473.76,1620695.03,,932183.392047,1710227.796,1750693.94,1211348.424277,1275035.96,,890406.328097,,,1001714.382797,,,Émissions de CO2 (kt),1244867.42,,,1464903.18,1094670.293537,,1438080.03,,1635034.92,,1163785.485907,,1760980.0986,,,,,1204595.592647
,LDC,,Pays les moins avancés: classement de l’ONU,,210097.687224,,194174.301108,141974.726363,65774.496894,,,,255682.26,359297.88,69719.717731,,234517.25,179175.182288,EN.ATM.CO2E.KT,,,158367.750212,118442.851617,,,,,86209.173729,149383.130225,,,339806.49,,,,123533.582257,370595.59,,66917.499751,313185.29,286660.2,102065.240568,134927.623164,,66386.481181,,,76644.22453,,,Émissions de CO2 (kt),110415.307652,,,169147.404679,92262.644675,,351230.476,,223558.967189,,98566.22377,,275307.09,,,,,108040.332269
,LIC,,Faible revenu,,196253.707224,,196252.771108,174600.106363,177458.756894,,,,155154.11,183120.34,154687.818142,,170273.61,211118.762288,EN.ATM.CO2E.KT,,,201912.750212,162517.451617,,,,,149647.861767,192793.730225,,,179017.85,,,,161348.832257,191195.28,,162884.604723,149210.28,144653.01,142412.542441,168692.453164,,180897.955181,,,151769.088085,,,Émissions de CO2 (kt),156945.237652,,,197405.364679,144403.233325,,179664.936,,181921.827189,,143631.874587,,160504.78,,,,,149740.174746
125.0,LIE,Liechtenstein,Liechtenstein,,190.830439,,205.374673,229.39083,206.329151,,,,192.544887,142.950403,215.03442,,185.325447,219.535867,EN.ATM.CO2E.KT,,,231.1208,214.67105,,,,,204.201614,228.986322,,,155.769397,,,,220.018273,149.025716,,206.950491,149.838256,159.773794,229.238713,229.354516,,198.970856,,,201.11109,,,Émissions de CO2 (kt),216.859998,,,200.793925,205.960367,,141.996093,,176.781993,,218.376491,,161.25917,,,,,226.566397
38.0,LKA,Sri Lanka,Sri Lanka,,13071.8,,12291.4,12868.2,3985.4,,,,14448.4,21690.3,5091.3,,17440.4,12810.7,EN.ATM.CO2E.KT,,,12404.9,10848.0,,,,,5816.4,13984.4,,,23140.5,,,,11385.2,23427.9,,5248.3,23167.6,19240.9,8608.4,12412.3,,3839.2,,,5766.8,,,Émissions de CO2 (kt),10928.9,,,13591.6,8355.3,,21846.3,,15410.2,,8340.5,,17458.3,,,,,9496.3
,LMC,,"Revenu intermédiaire, tranche inférieure",,3744660.33,,3562625.33,2830470.42,2154972.12,,,,4244071.39,5105467.74,2093992.369589,,4116165.79,3426922.47,EN.ATM.CO2E.KT,,,3093238.66,2525893.95,,,,,2143564.011962,2943732.08,,,4856633.84,,,,2597706.72,5122757.31,,2127063.985028,4664838.81,4515567.19,2270538.213127,2695494.33,,2103131.876,,,2065517.946445,,,Émissions de CO2 (kt),2459953.196,,,3298000.76,2176837.22135,,4819595.8,,3916449.71,,2248837.052183,,4483108.91,,,,,2388906.027523
,LMY,,Revenu faible et intermédiaire,,17591125.597224,,16362071.531108,12719151.46405,8960270.369658,,,,19895263.019,21553786.3975,9003257.93975,,19332864.235,15953145.392288,EN.ATM.CO2E.KT,,,14578574.380212,10461682.279837,,,,,9346332.181136,13646458.170225,,,20716381.032,,,,10849988.601733,21860472.61,,8951857.255663,20146301.188,20008374.912,9692178.77943,11749704.856512,,8813945.259535,,,8935097.029872,,,Émissions de CO2 (kt),10139747.416045,,,15475011.214679,9424897.812451,,21383256.243,,18781990.744189,,9563289.519615,,20194597.152,,,,,9729521.185024
122.0,LSO,Lesotho,Lesotho,,2158.8,,2101.7,1871.9,1447.7,,,,2206.5,2276.6,1544.2,,2919.6,2007.4,EN.ATM.CO2E.KT,,,1923.0,1770.8,,,,,1614.7,1901.5,,,2402.3,,,,1800.8,2300.1,,1503.0,2126.2,2144.2,1705.6,1825.1,,1395.5,,,1584.1,,,Émissions de CO2 (kt),1747.5,,,1959.3,1644.1,,2311.9,,2885.2,,1674.7,,2349.0,,,,,1725.0
,LTE,,de dividende tardif démographique,,12652493.224,,11660926.99,8874602.047687,6305399.720692,,,,14412246.33,15162115.4,6321620.339997,,13934530.3,11378270.63,EN.ATM.CO2E.KT,,,10403909.25,7035679.65822,,,,,6542003.54624,9663246.6,,,14577571.8,,,,7344268.219476,15468044.3,,6287917.303865,14269982.4,14263640.03,6588210.889585,8087901.583348,,6243759.680257,,,6231096.992545,,,Émissions de CO2 (kt),6792280.742393,,,11042154.87,6550647.534239,,15488347.62,,13619083.75,,6524740.406938,,14427628.7886,,,,,6527788.670108
126.0,LTU,Lithuania,Lituanie,,12603.0,,11692.1,11915.0,34291.0,,,,11331.1,11652.5,15754.1,,11925.8,13066.4,EN.ATM.CO2E.KT,,,13019.7,11155.5,,,,,13745.8,12829.2,,,11222.2,,,,11223.2,11735.8,,19998.0,11203.1,11067.4,14706.6,11232.7,,32217.9,,,14819.2,,,Émissions de CO2 (kt),10515.9,,,13209.6,14239.8,,11693.8,,11845.6,,13924.1,,10862.9,,,,,12247.2
256.0,LUX,Luxembourg,Luxembourg,,11029.1,,10442.9,11659.8,11753.4,,,,10173.3,9320.8,11645.3,,10698.0,11022.5,EN.ATM.CO2E.KT,,,11717.2,9118.5,,,,,8659.9,11912.9,,,9006.5,,,,9818.3,9500.3,,11435.5,8845.9,9133.4,7565.5,10241.6,,11285.0,,,10810.6,,,Émissions de CO2 (kt),8556.7,,,11114.4,8736.8,,7853.1,,10906.8,,8242.2,,9643.2,,,,,7920.3
119.0,LVA,Latvia,Lettonie,,8518.1,,7364.1,7616.5,17201.5,,,,7452.4,7785.2,11757.31,,7570.7,8105.9,EN.ATM.CO2E.KT,,,8199.9,7357.2,,,,,8996.82,7715.0,,,7116.7,,,,7352.2,7569.1,,13974.8,7145.3,7315.9,8132.5,7593.2,,18777.4,,,10223.5,,,Émissions de CO2 (kt),6929.57,,,8531.8,9009.4,,6928.3,,7897.3,,8528.6,,7282.3,,,,,7548.9
128.0,MAC,"China, Macao SAR","Région administrative spéciale de Macao, Chine",,,,,,,,,,,,,,,,EN.ATM.CO2E.KT,,,,,,,,,,,,,,,,,,,,,,,,,,,,,,,,Émissions de CO2 (kt),,,,,,,,,,,,,,,,,,
281.0,MAF,Saint-Martin (French part),Saint-Martin (fr),,,,,,,,,,,,,,,,EN.ATM.CO2E.KT,,,,,,,,,,,,,,,,,,,,,,,,,,,,,,,,Émissions de CO2 (kt),,,,,,,,,,,,,,,,,,
143.0,MAR,Morocco,Maroc,,51749.5,,48765.7,41009.0,23119.0,,,,57595.5,64286.1,25577.0,,58076.0,48630.2,EN.ATM.CO2E.KT,,,44991.0,36273.0,,,,,28791.8,43579.9,,,63014.9,,,,37470.0,70986.3,,24879.0,60289.9,60362.5,30634.6,37251.1,,21497.8,,,27712.5,,,Émissions de CO2 (kt),32876.5,,,46341.0,28484.7,,66719.5,,55923.5,,29903.8,,58691.7,,,,,32198.7
140.0,MCO,Monaco,Monaco,,,,,,,,,,,,,,,,EN.ATM.CO2E.KT,,,,,,,,,,,,,,,,,,,,,,,,,,,,,,,,Émissions de CO2 (kt),,,,,,,,,,,,,,,,,,
146.0,MDA,Republic of Moldova,Moldova,,8295.1,,7638.1,7775.9,24599.5,,,,7181.5,8555.9,17414.1,,8137.3,8150.0,EN.ATM.CO2E.KT,,,7975.1,7017.8,,,,,12141.5,8175.6,,,8064.0,,,,7182.4,8921.6,,20322.2,8143.0,8020.6,8649.1,7765.4,,30532.1,,,14138.2,,,Émissions de CO2 (kt),6709.6,,,8139.2,10402.7,,8611.2,,8344.5,,9580.4,,7712.2,,,,,7352.4
129.0,MDG,Madagascar,Madagascar,,1869.8,,1686.22,1645.54,952.69,,,,2930.23,3304.87,996.72,,2741.74,1780.34,EN.ATM.CO2E.KT,,,1637.09,1669.04,,,,,1371.8,1709.64,,,3481.0,,,,1121.93,3927.7,,964.66,3181.72,3284.62,1626.94,1553.4,,891.13,,,1213.12,,,Émissions de CO2 (kt),1654.02,,,1723.1,1308.3,,2745.45,,2193.89,,1419.42,,3010.62,,,,,1669.63
132.0,MDV,Maldives,Maldives,,963.0,,916.6,693.1,159.6,,,,1128.5,1776.1,202.6,,1144.6,870.6,EN.ATM.CO2E.KT,,,790.5,481.3,,,,,261.4,626.9,,,1546.1,,,,614.4,1999.5,,225.1,1465.9,1339.3,311.0,528.5,,156.7,,,204.6,,,Émissions de CO2 (kt),462.2,,,810.6,281.6,,1454.0,,1012.8,,338.3,,1355.2,,,,,429.9
,MEA,,Afrique du Nord et Moyen-Orient,,2128654.5,,2039848.5,1578943.9,884064.01,,,,2341101.89,2500417.4,1017015.72,,2293100.1,1975746.6,EN.ATM.CO2E.KT,,,1781079.5,1391965.22,,,,,1124668.68,1683895.2,,,2511165.4,,,,1442649.38,2508614.57,,955464.75,2476429.97,2453243.85,1223112.92,1495318.41,,860056.96,,,1092421.93,,,Émissions de CO2 (kt),1326170.3,,,1863168.6,1163710.78,,2416064.9,,2172950.6,,1218677.28,,2419002.47,,,,,1268266.68
138.0,MEX,Mexico,Mexique,,462869.5,,448372.5,414102.0,287995.8,,,,475737.5,444898.4,300667.5,,486454.2,459548.1,EN.ATM.CO2E.KT,,,448302.8,378830.6,,,,,306842.1,432187.4,,,474498.5,,,,386004.6,451828.8,,291682.5,476394.6,471632.6,365142.4,404692.2,,269575.4,,,326504.8,,,Émissions de CO2 (kt),379176.0,,,457121.0,322699.1,,383131.4,,478403.5,,342478.4,,462240.1,,,,,355178.3
127.0,MHL,Marshall Islands,Îles Marshall,,140.8,,137.3,119.3,0.0,,,,142.3,151.1,85.0,,139.0,133.3,EN.ATM.CO2E.KT,,,125.0,106.4,,,,,92.7,118.9,,,149.3,,,,116.1,152.3,,80.2,146.5,146.3,95.5,114.0,,0.0,,,88.6,,,Émissions de CO2 (kt),102.8,,,132.2,93.5,,110.0,,141.1,,93.3,,144.1,,,,,95.5
,MIC,,Revenu intermédiaire,,17394871.89,,16165818.76,12544551.357687,8782811.612764,,,,19740108.909,21370666.0575,8848570.121608,,19162590.625,15742026.63,EN.ATM.CO2E.KT,,,14376661.63,10299164.82822,,,,,9196684.319369,13453664.44,,,20537363.182,,,,10688639.769476,21669277.33,,8788972.65094,19997090.908,19863721.902,9549766.236989,11581012.403348,,8633047.304354,,,8783327.941787,,,Émissions de CO2 (kt),9982802.178393,,,15277605.85,9280494.57912599,,21203591.307,,18600068.917,,9419657.645028,,20034092.372,,,,,9579781.010278
154.0,MKD,North Macedonia,Macédoine du Nord,,8329.6,,8512.3,8542.6,8383.7,,,,7862.2,6950.6,8639.7,,8798.9,9120.0,EN.ATM.CO2E.KT,,,8852.9,8670.6,,,,,8305.7,8881.8,,,7436.2,,,,8128.5,7956.1,,8332.4,6962.7,7142.1,9651.4,8829.1,,8591.3,,,8350.8,,,Émissions de CO2 (kt),8522.1,,,9328.1,9862.5,,6796.7,,9157.1,,8786.1,,7442.9,,,,,8879.5
133.0,MLI,Mali,Mali,,2154.0,,1943.9,1451.2,441.298,,,,2813.6,3867.9,516.773,,2510.7,2016.6,EN.ATM.CO2E.KT,,,1581.7,1196.9,,,,,611.996,1500.8,,,3629.8,,,,1243.5,3937.4,,477.186,3408.6,3343.8,956.0,1279.3,,436.011,,,566.421,,,Émissions de CO2 (kt),1093.8,,,1837.4,667.281,,4150.7,,2346.7,,744.99,,3174.4,,,,,999.0
134.0,MLT,Malta,Malte,,2586.6,,2509.9,2598.0,2210.6,,,,2371.5,1552.5,2806.3,,2715.6,2724.3,EN.ATM.CO2E.KT,,,2650.6,2489.1,,,,,2378.8,2626.4,,,1521.2,,,,2318.4,1658.6,,2169.1,1352.3,1657.1,2374.5,2608.0,,2314.6,,,2507.0,,,Émissions de CO2 (kt),2129.2,,,2715.6,2324.3,,1610.7,,2573.1,,2469.6,,2356.3,,,,,2409.2
28.0,MMR,Myanmar,Myanmar,,8131.3,,7371.1,10268.2,4015.2,,,,13592.5,32784.5,4813.6,,11964.0,7943.6,EN.ATM.CO2E.KT,,,10057.9,8351.8,,,,,6936.6,10856.3,,,32497.0,,,,8341.2,33995.0,,4278.2,21860.8,19034.0,7913.0,10486.6,,4083.0,,,5647.4,,,Émissions de CO2 (kt),9440.5,,,10505.5,7309.6,,33874.6,,8692.9,,7247.9,,17034.8,,,,,8741.0
,MNA,,Afrique du Nord et Moyen-Orient (hors revenu élevé),,1231947.5,,1207787.8,955112.6,548964.99,,,,1327780.49,1449693.5,631232.9,,1297696.5,1165353.5,EN.ATM.CO2E.KT,,,1079050.1,853985.0,,,,,707814.7,1028354.2,,,1422054.5,,,,872569.6,1439681.67,,589786.0,1367274.87,1349815.45,748240.9,898626.3,,532994.2,,,684684.4,,,Émissions de CO2 (kt),813164.0,,,1121516.8,726363.1,,1370939.0,,1238709.1,,766587.8,,1360355.17,,,,,775499.6
273.0,MNE,Montenegro,Monténégro,,2584.2,,1747.5,2041.277687,1355.040692,,,,2267.3,2500.3,1293.619997,,2331.6,2693.3,EN.ATM.CO2E.KT,,,2179.3,1667.26822,,,,,1327.33624,2004.8,,,2267.0,,,,1766.249476,2601.1,,1483.273865,2150.7,2359.1,1757.579585,1889.193348,,1915.340257,,,1256.652545,,,Émissions de CO2 (kt),1520.843393,,,2098.4,1552.994239,,2527.2,,2535.9,,1669.796938,,2218.4,,,,,1211.858108
141.0,MNG,Mongolia,Mongolie,,14311.1,,13638.49,9561.28,14758.07,,,,18384.13,21545.7,11852.58,,17141.5,12974.4,EN.ATM.CO2E.KT,,,12419.2,8970.4,,,,,10275.47,11058.15,,,19575.5,,,,9604.46,23146.9,,12858.42,18172.8,17300.6,8548.7,9312.16,,12968.1,,,10323.84,,,Émissions de CO2 (kt),8996.67,,,13021.5,8690.27,,21184.7,,15729.4,,8518.94,,18122.0,,,,,8606.58
163.0,MNP,Northern Mariana Islands,Mariannes,,,,,,,,,,,,,,,,EN.ATM.CO2E.KT,,,,,,,,,,,,,,,,,,,,,,,,,,,,,,,,Émissions de CO2 (kt),,,,,,,,,,,,,,,,,,
144.0,MOZ,Mozambique,Mozambique,,2680.6,,2494.3,1910.0,936.09,,,,4150.5,6875.1,1288.573,,3640.8,2238.7,EN.ATM.CO2E.KT,,,1861.0,1411.5,,,,,1172.64,1709.1,,,7162.3,,,,1570.9,7530.2,,1097.38,7243.8,5478.3,1241.68,1904.6,,1117.23,,,1096.88,,,Émissions de CO2 (kt),1426.9,,,2230.7,1161.72,,6945.5,,3294.3,,1287.66,,4823.3,,,,,1233.76
136.0,MRT,Mauritania,Mauritanie,,2073.7,,1994.7,1413.5,863.0,,,,2101.2,3716.1,914.8,,2355.4,1797.1,EN.ATM.CO2E.KT,,,1459.4,1178.8,,,,,1001.0,1448.0,,,3408.3,,,,1269.7,3824.8,,896.7,2584.2,2966.5,988.3,1303.6,,841.8,,,948.5,,,Émissions de CO2 (kt),1118.7,,,1716.9,1062.1,,3847.1,,2182.9,,1050.9,,2534.5,,,,,1109.2
137.0,MUS,Mauritius,Maurice,,3661.8,,3423.3,2770.3,1251.6,,,,3818.0,4133.9,1469.1,,3725.0,3466.8,EN.ATM.CO2E.KT,,,3304.2,2565.6,,,,,1551.5,2961.8,,,4174.4,,,,2612.6,4173.7,,1323.3,4035.5,3960.9,1791.6,2748.6,,1164.1,,,1514.2,,,Émissions de CO2 (kt),2431.9,,,3395.2,1614.1,,3720.2,,3639.0,,1624.2,,3949.4,,,,,2198.4
130.0,MWI,Malawi,Malawi,,984.46,,1036.69,898.57,792.02,,,,1154.33,1609.4,885.5,,1076.42,1009.897,EN.ATM.CO2E.KT,,,861.944,847.28,,,,,909.27,854.327,,,1394.6,,,,859.92,1643.7,,792.69,1223.57,1089.52,896.45,893.44,,722.47,,,907.53,,,Émissions de CO2 (kt),875.23,,,927.19,926.59,,1640.0,,1072.59,,922.39,,1045.6,,,,,932.68
131.0,MYS,Malaysia,Malaisie,,199867.0,,181472.7,157850.0,65096.2,,,,223086.5,241451.4,73044.4,,205415.8,202458.6,EN.ATM.CO2E.KT,,,173632.9,129458.7,,,,,86310.0,166973.4,,,225104.1,,,,136377.9,244882.0,,67174.7,231669.4,236229.4,105685.2,144010.0,,54615.0,,,79739.3,,,Émissions de CO2 (kt),124355.9,,,189464.8,98644.7,,245139.3,,202401.3,,106015.2,,236264.6,,,,,114454.7
,NAC,,Amérique du Nord,,5929200.9,,5677824.3,6274703.3,5220795.1,,,,5647839.6,5554874.3,5417257.3,,5502344.6,6108932.1,EN.ATM.CO2E.KT,,,6193606.6,6254877.7,,,,,5565082.9,6302525.9,,,5387541.0,,,,6117377.8,5383712.2,,5305993.4,5451373.3,5549450.9,6075328.1,6203533.8,,5264009.6,,,5503567.6,,,Émissions de CO2 (kt),6290022.3,,,6307951.3,5735187.0,,4837406.2,,5722961.1,,6020165.3,,5668969.1,,,,,6103295.8
147.0,NAM,Namibia,Namibie,,3103.5,,3000.1,2376.7,1117.9,,,,3762.4,4279.3,1414.6,,3507.4,2929.9,EN.ATM.CO2E.KT,,,2491.3,2459.7,,,,,1773.4,2525.5,,,4224.0,,,,2131.6,4316.3,,1218.1,4152.0,4137.3,2017.6,2268.8,,,,,1636.2,,,Émissions de CO2 (kt),1942.3,,,2546.9,1923.7,,3952.8,,3303.8,,1973.5,,3932.1,,,,,1979.0
153.0,NCL,New Caledonia,Nouvelle-Calédonie,,,,,,,,,,,,,,,,EN.ATM.CO2E.KT,,,,,,,,,,,,,,,,,,,,,,,,,,,,,,,,Émissions de CO2 (kt),,,,,,,,,,,,,,,,,,
158.0,NER,Niger,Niger,,1361.057,,1075.27,776.855,536.726,,,,1975.01,1956.29,570.307,,1885.57,854.11,EN.ATM.CO2E.KT,,,737.518,658.87,,,,,524.941,742.119,,,1901.0,,,,685.6,2159.15,,499.783,2096.26,2111.59,666.73,749.9,,565.434,,,546.696,,,Émissions de CO2 (kt),660.227,,,813.516,610.172,,2197.95,,1399.44,,613.71,,2156.78,,,,,652.53
159.0,NGA,Nigeria,Nigéria,,90055.2,,76947.4,98724.9,81926.1,,,,108116.8,113633.1,86237.3,,95335.3,86932.0,EN.ATM.CO2E.KT,,,88767.7,101945.3,,,,,86164.5,98719.0,,,108481.2,,,,92237.6,119544.1,,91806.4,110817.5,107746.4,88699.8,100994.9,,72768.8,,,78325.8,,,Émissions de CO2 (kt),97215.1,,,81122.6,100227.2,,111978.1,,94996.5,,98646.9,,114815.5,,,,,87017.0
157.0,NIC,Nicaragua,Nicaragua,,4513.2,,4394.5,4531.9,1919.1,,,,4473.3,5024.8,2198.7,,4686.0,4503.0,EN.ATM.CO2E.KT,,,4547.6,3925.5,,,,,2652.7,4338.7,,,5428.9,,,,4062.9,5131.9,,2235.4,5410.7,5286.7,3519.2,4562.7,,1933.9,,,2525.4,,,Émissions de CO2 (kt),3768.0,,,4696.3,2816.6,,4582.2,,4766.2,,3020.1,,4758.6,,,,,3541.6
150.0,NLD,Netherlands,Pays-Bas,,171110.5,,160488.3,172116.5,157266.8,,,,157090.2,151382.3,160137.2,,157473.4,165221.9,EN.ATM.CO2E.KT,,,163702.7,167116.1,,,,,164106.4,167926.0,,,155710.9,,,,167429.4,145939.237,,156009.7,158499.3,157376.0,166734.4,170362.8,,151520.7,,,159604.1,,,Émissions de CO2 (kt),162096.7,,,164550.6,173623.4,,130315.1,,158768.0,,166310.9,,149793.4,,,,,161446.1
162.0,NOR,Norway,Norvège,,40116.4,,37439.3,37354.8,27325.3,,,,39627.0,38571.5,32428.6,,38770.1,36872.8,EN.ATM.CO2E.KT,,,37210.6,34735.2,,,,,34389.2,36366.4,,,39174.9,,,,34381.0,37661.6,,30197.9,39578.4,40288.8,37887.5,37186.8,,29305.4,,,34412.4,,,Émissions de CO2 (kt),34283.1,,,37760.1,34597.1,,36177.4,,39071.3,,36543.5,,39643.0,,,,,39702.4
149.0,NPL,Nepal,Népal,,4640.9,,3882.8,2809.6,1182.25,,,,6087.8,15139.4,1409.8,,5997.8,2994.9,EN.ATM.CO2E.KT,,,2616.1,3464.6,,,,,1895.7,3188.6,,,13265.3,,,,2786.7,13860.5,,1234.16,10735.7,7186.2,2315.7,3021.8,,938.8,,,1744.5,,,Émissions de CO2 (kt),3221.0,,,2693.6,1959.1,,14949.2,,5199.2,,2191.37,,7132.2,,,,,3123.7
148.0,NRU,Nauru,Nauru,,42.7,,40.4,64.0,126.6,,,,47.3,54.0,114.5,,42.1,42.3,EN.ATM.CO2E.KT,,,44.1,80.6,,,,,108.4,62.5,,,56.0,,,,78.0,53.4,,120.6,52.7,54.5,99.5,68.7,,126.3,,,111.4,,,Émissions de CO2 (kt),88.0,,,41.5,102.1,,41.4,,40.1,,102.4,,50.6,,,,,93.4
156.0,NZL,New Zealand,Nouvelle-Zélande,,31049.3,,31169.7,32836.1,22629.7,,,,31885.5,32409.0,23960.3,,32107.4,34165.4,EN.ATM.CO2E.KT,,,34265.9,31618.8,,,,,24325.8,34232.2,,,32927.4,,,,31543.1,34008.2,,24380.0,31185.7,32281.2,27180.8,33397.6,,22310.7,,,24225.9,,,Émissions de CO2 (kt),29455.0,,,33270.5,25412.8,,31359.7,,30290.6,,27689.0,,31970.7,,,,,28612.9
,OED,,Pays membres de l'OCDE,,12694352.824,,12195813.5,13147276.19,11389105.28,,,,12351197.8,11984150.1,11511913.66,,12291173.7,12953044.13,EN.ATM.CO2E.KT,,,13123629.65,12887398.69,,,,,11859991.86,13191407.65,,,11958269.6,,,,12793963.87,11605058.237,,11422717.8,11985558.6,12052715.4,12505221.18,13019027.51,,11344058.36,,,11707010.04,,,Émissions de CO2 (kt),12872950.41,,,13289682.97,12234854.02,,10570775.72,,12466751.55,,12502542.97,,12116786.2,,,,,12559745.09
221.0,OMN,Oman,Oman,,47076.3,,43595.1,31256.9,15720.9,,,,63015.4,75365.0,15175.7,,60549.4,41314.4,EN.ATM.CO2E.KT,,,39187.1,28032.3,,,,,18870.4,31014.1,,,71633.2,,,,29972.1,75744.8,,14922.2,72197.6,70131.7,19519.2,31700.5,,11919.3,,,16195.7,,,Émissions de CO2 (kt),25115.0,,,42262.3,19382.9,,71041.5,,53620.2,,20024.0,,66386.7,,,,,21979.1
,OSS,,Autres petits états,,156681.794,,144545.59,118303.077687,84903.210692,,,,177358.399,190905.4875,79441.779997,,171440.705,148142.32,EN.ATM.CO2E.KT,,,132536.65,101714.43822,,,,,82864.32624,123372.37,,,191127.612,,,,105731.419476,189059.37,,79892.513865,188833.482,184664.262,96827.989585,113375.843348,,83923.170257,,,83183.132545,,,Émissions de CO2 (kt),98878.823393,,,143521.59,87878.614239,,181678.207,,165799.027,,94349.146938,,185899.332,,,,,99739.648108
165.0,PAK,Pakistan,Pakistan,,140378.6,,145337.9,118313.6,60305.8,,,,145993.7,186865.6,73749.6,,143819.1,140734.2,EN.ATM.CO2E.KT,,,132304.2,99837.2,,,,,82737.2,121608.7,,,198738.8,,,,102325.6,184096.3,,66977.8,181113.3,164152.3,90190.3,105663.5,,59026.0,,,76253.6,,,Émissions de CO2 (kt),98374.1,,,145813.3,85821.1,,184111.2,,141690.0,,89362.5,,154235.2,,,,,98773.3
166.0,PAN,Panama,Panama,,9190.6,,8698.5,5609.5,3124.7,,,,10252.3,9918.8,3795.2,,10461.6,7297.5,EN.ATM.CO2E.KT,,,7490.3,6216.5,,,,,4355.5,7116.4,,,10136.4,,,,5410.0,13099.9,,3635.4,10652.4,10609.9,5721.6,5525.3,,2692.9,,,4036.9,,,Émissions de CO2 (kt),5282.7,,,7484.3,4406.3,,9582.7,,9994.1,,4637.5,,10758.1,,,,,5012.9
170.0,PER,Peru,Pérou,,44998.5,,41170.6,31237.1,20266.6,,,,49751.9,54589.9,21801.3,,48120.6,38292.6,EN.ATM.CO2E.KT,,,30843.7,26537.2,,,,,25649.9,31291.8,,,54274.3,,,,27731.0,56972.2,,21033.8,56860.3,54553.5,26970.3,27157.7,,20875.3,,,22538.1,,,Émissions de CO2 (kt),28634.2,,,33808.4,28062.2,,46578.9,,48427.4,,27958.9,,53167.8,,,,,29072.4
171.0,PHL,Philippines,Philippines,,81917.8,,76321.9,74718.3,40442.2,,,,95504.1,139119.1,47577.9,,86165.0,75039.4,EN.ATM.CO2E.KT,,,69305.5,70259.1,,,,,61414.8,76190.2,,,133456.7,,,,71257.2,145871.3,,43803.7,120895.1,110990.9,73870.2,73141.9,,40868.9,,,51270.0,,,Émissions de CO2 (kt),71942.8,,,73250.5,66899.8,,133471.3,,82544.5,,74447.8,,101822.5,,,,,71621.2
180.0,PLW,Palau,Palaos,,214.8,,204.6,217.8,0.0,,,,221.1,211.9,198.1,,222.0,212.9,EN.ATM.CO2E.KT,,,228.7,215.8,,,,,197.7,226.7,,,213.0,,,,217.1,217.4,,197.5,207.9,200.9,203.3,215.6,,0.0,,,198.6,,,Émissions de CO2 (kt),211.5,,,223.4,198.9,,158.2,,212.6,,201.8,,217.8,,,,,204.0
168.0,PNG,Papua New Guinea,Papouasie-Nouvelle-Guinée,,5042.0,,5050.0,4611.2,2176.4,,,,5224.5,7114.0,2212.5,,4905.7,4760.2,EN.ATM.CO2E.KT,,,4345.4,3383.8,,,,,2132.1,4323.9,,,6504.3,,,,3607.1,7467.5,,2179.6,6560.9,6369.7,2653.2,4070.8,,2168.6,,,2056.1,,,Émissions de CO2 (kt),2825.2,,,4737.2,2232.4,,5491.5,,5179.5,,2401.8,,5836.9,,,,,2603.3
173.0,POL,Poland,Pologne,,313739.1,,297260.3,301854.0,351624.9,,,,298304.4,311754.9,344016.4,,303351.4,308325.3,EN.ATM.CO2E.KT,,,314093.0,293627.4,,,,,340003.8,301353.0,,,312769.9,,,,287320.3,294948.3,,343368.4,299802.4,289077.4,318414.1,297730.8,,350214.6,,,339752.2,,,Émissions de CO2 (kt),295774.4,,,313375.4,355320.2,,279223.8,,310593.6,,344627.0,,285730.0,,,,,308978.1
,PRE,,de Pré-dividende démographique,,336938.477224,,299207.451108,278603.666363,179937.336894,,,,406440.33,476743.54,229152.448142,,374390.53,292301.012288,EN.ATM.CO2E.KT,,,274848.610212,278395.381617,,,,,246353.932767,280335.060225,,,455350.45,,,,263874.392257,506463.28,,212230.634723,441959.88,423347.77,253441.722441,265679.243164,,187593.355181,,,236402.735085,,,Émissions de CO2 (kt),262141.263652,,,267241.244679,265641.433325,,469494.036,,354783.027189,,287689.307587,,419480.76,,,,,237689.604746
177.0,PRI,Puerto Rico,Porto Rico,,,,,,,,,,,,,,,,EN.ATM.CO2E.KT,,,,,,,,,,,,,,,,,,,,,,,,,,,,,,,,Émissions de CO2 (kt),,,,,,,,,,,,,,,,,,
116.0,PRK,Democratic People's Republic of Korea,"Corée, République démocratique de",,51689.8,,55256.9,74323.7,112936.2,,,,27629.1,50121.3,91419.3,,38483.4,72831.5,EN.ATM.CO2E.KT,,,78937.1,74385.1,,,,,78242.3,77678.2,,,54286.0,,,,71198.0,55548.4,,99712.1,28127.7,25101.5,60918.6,72738.2,,119307.5,,,83612.6,,,Émissions de CO2 (kt),71822.9,,,65633.8,68660.5,,52437.2,,37098.9,,66037.9,,31223.3,,,,,66615.4
174.0,PRT,Portugal,Portugal,,50937.3,,56299.6,62128.8,42767.7,,,,46555.2,49461.2,45792.8,,48220.3,56844.4,EN.ATM.CO2E.KT,,,60448.0,61383.6,,,,,50693.2,65473.8,,,53272.7,,,,65604.9,44564.7,,46774.0,48695.2,49851.9,55600.6,60523.6,,41068.6,,,47302.9,,,Émissions de CO2 (kt),61661.2,,,58797.6,48742.5,,38973.5,,49867.9,,50931.6,,45931.1,,,,,62207.6
169.0,PRY,Paraguay,Paraguay,,5043.3,,4567.9,3973.7,2020.3,,,,5301.2,8360.1,2817.6,,5177.4,4323.2,EN.ATM.CO2E.KT,,,3954.6,3614.8,,,,,3781.2,3698.5,,,7920.9,,,,3775.4,8101.6,,2474.6,7192.6,6367.5,4266.9,3937.6,,2072.2,,,3335.1,,,Émissions de CO2 (kt),3524.3,,,3720.5,3723.0,,7575.7,,5218.0,,4107.2,,5628.0,,,,,4266.3
299.0,PSE,Palestine,Cisjordanie et Gaza,,,,,,,,,,,,,,,,EN.ATM.CO2E.KT,,,,,,,,,,,,,,,,,,,,,,,,,,,,,,,,Émissions de CO2 (kt),,,,,,,,,,,,,,,,,,
,PSS,,Petits états insulaires du Pacifique,,2473.7,,2145.9,2570.1,1294.15,,,,2500.9,2895.3,1768.79,,2380.0,2163.6,EN.ATM.CO2E.KT,,,2475.5,2257.7,,,,,1853.57,2324.3,,,2800.6,,,,2111.7,2959.2,,1741.05,2637.0,2659.4,1965.15,2306.9,,1262.58,,,1786.03,,,Émissions de CO2 (kt),2045.78,,,2457.7,1939.8,,2178.0,,2426.8,,1951.11,,2656.0,,,,,1994.72
,PST,,de Post-dividende démographique,,11794117.9,,11325785.8,12433283.2,11261858.73,,,,11411367.77,10882237.97,11190404.83,,11341919.52,12108570.1,EN.ATM.CO2E.KT,,,12321777.6,12242579.1,,,,,11385861.27,12434543.6,,,10811083.27,,,,12138747.3,10513545.907,,11202035.02,10907463.37,11014655.47,11862048.6,12348057.2,,11301942.62,,,11255283.55,,,Émissions de CO2 (kt),12205401.5,,,12451551.7,11654927.1,,9555830.37,,11547695.05,,11878876.62,,11155172.57,,,,,11932534.8
70.0,PYF,French Polynesia,Polynésie française,,,,,,,,,,,,,,,,EN.ATM.CO2E.KT,,,,,,,,,,,,,,,,,,,,,,,,,,,,,,,,Émissions de CO2 (kt),,,,,,,,,,,,,,,,,,
179.0,QAT,Qatar,Qatar,,60912.1,,54310.2,37074.4,14985.0,,,,76540.7,87099.4,16614.6,,75430.1,53279.3,EN.ATM.CO2E.KT,,,43940.5,28650.6,,,,,19047.7,38536.6,,,87472.1,,,,32496.1,89486.8,,14677.6,87066.7,85211.3,26502.7,34744.2,,12543.4,,,18491.0,,,Émissions de CO2 (kt),28666.2,,,50026.5,20942.1,,87578.3,,68521.5,,25392.6,,82167.8,,,,,29002.4
183.0,ROU,Romania,Roumanie,,77601.9,,80699.2,95336.3,142755.2,,,,72090.6,75190.2,117690.8,,81843.8,95409.1,EN.ATM.CO2E.KT,,,99254.3,95220.8,,,,,120869.9,94682.9,,,74208.1,,,,93733.0,73942.8,,126185.7,71585.2,73314.4,99513.5,98138.2,,172633.6,,,115148.3,,,Émissions de CO2 (kt),89003.1,,,96728.6,124200.9,,68664.0,,84049.5,,113599.2,,71539.0,,,,,84969.4
185.0,RUS,Russian Federation,Fédération de Russie,,1617827.5,,1546666.4,1600978.5,2136444.3,,,,1632679.7,1661000.0,1880244.5,,1675755.9,1655191.1,EN.ATM.CO2E.KT,,,1654851.0,1567172.0,,,,,1635484.8,1611982.1,,,1594550.3,,,,1565334.4,1703588.7,,2030810.7,1571517.3,1592559.4,1487965.0,1609996.7,,2163533.1,,,1685046.3,,,Émissions de CO2 (kt),1563845.6,,,1658148.6,1601176.5,,1618271.0,,1699083.2,,1489506.5,,1611960.7,,,,,1523721.3
184.0,RWA,Rwanda,Rwanda,,703.68,,670.88,662.34,481.45,,,,903.69,1403.4,486.05,,814.13,653.34,EN.ATM.CO2E.KT,,,720.3,674.05,,,,,454.989,716.9,,,1255.5,,,,795.79,1451.1,,483.55,1148.0,1080.44,480.02,684.91,,536.36,,,461.723,,,Émissions de CO2 (kt),660.52,,,653.34,464.63,,1382.0,,736.07,,481.23,,923.92,,,,,494.89
,SAS,,Asie du Sud,,1878594.23,,1779015.6,1252484.717,685811.98,,,,2213363.55,2792018.58,746077.74,,2147871.13,1628172.46,EN.ATM.CO2E.KT,,,1401904.88,1095270.848,,,,,846825.3,1310942.931,,,2644485.38,,,,1131663.95,2752652.43,,713532.72,2503383.23,2434198.49,958640.22,1164057.737,,641292.09,,,785115.44,,,Émissions de CO2 (kt),1072998.26,,,1540885.02,889016.46,,2518434.77,,1987072.19,,940197.64,,2403894.74,,,,,1034754.43
194.0,SAU,Saudi Arabia,Arabie saoudite,,446131.5,,406526.7,299889.4,187924.9,,,,503213.7,527565.7,203252.6,,492467.1,389713.4,EN.ATM.CO2E.KT,,,335434.3,254084.2,,,,,204830.5,315293.2,,,549749.9,,,,272251.2,526770.3,,202031.7,561229.7,565190.1,233898.8,284828.3,,171403.3,,,206359.4,,,Émissions de CO2 (kt),249654.8,,,354617.4,217652.4,,513555.8,,463763.7,,220072.7,,540520.2,,,,,239520.5
276.0,SDN,Sudan,Soudan,,16427.4,,15490.3,8827.8,4803.48,,,,15853.2,21670.3,3210.8,,15806.3,14959.56,EN.ATM.CO2E.KT,,,12900.25,6254.93,,,,,4507.9,10496.0,,,21579.5,,,,7713.9,22131.5,,4530.7,21503.1,19259.2,4767.34,7931.9,,5365.69,,,4696.41,,,Émissions de CO2 (kt),5690.74,,,13969.9,4307.1,,20796.1,,15936.6,,5248.1,,16658.5,,,,,5305.12
195.0,SEN,Senegal,Sénégal,,7026.2,,6666.2,5390.2,2334.7,,,,8013.0,10176.6,2505.6,,7454.6,6436.1,EN.ATM.CO2E.KT,,,5569.4,4455.4,,,,,2761.2,5666.2,,,9800.8,,,,4579.6,12297.8,,2568.3,10132.8,9285.5,3597.4,4486.4,,2326.3,,,2606.2,,,Émissions de CO2 (kt),4063.7,,,6202.1,2927.3,,10680.2,,7571.4,,3215.0,,8572.0,,,,,3960.7
200.0,SGP,Singapore,Singapour,,42413.6,,38831.8,39618.8,30474.9,,,,43912.3,45212.1,36164.2,,43692.3,38423.6,EN.ATM.CO2E.KT,,,37171.6,42031.3,,,,,37581.9,36901.4,,,47324.2,,,,41290.8,45163.2,,31410.9,44969.8,45431.9,37047.1,38157.7,,28970.0,,,37978.8,,,Émissions de CO2 (kt),42117.5,,,38286.0,38520.1,,43705.0,,44766.9,,38161.6,,44398.5,,,,,37802.1
25.0,SLB,Solomon Islands,Îles Salomon,,342.8,,333.5,286.3,160.0,,,,389.0,300.9,177.3,,355.6,323.2,EN.ATM.CO2E.KT,,,304.0,245.8,,,,,196.9,294.7,,,295.0,,,,257.6,304.8,,168.3,298.1,304.1,220.5,268.9,,152.9,,,190.0,,,Émissions de CO2 (kt),235.4,,,313.7,206.0,,223.3,,355.9,,213.4,,340.7,,,,,228.1
197.0,SLE,Sierra Leone,Sierra Leone,,560.2,,517.8,532.6,342.3,,,,1030.8,1043.7,327.5,,854.7,519.4,EN.ATM.CO2E.KT,,,590.6,442.5,,,,,236.2,446.5,,,1120.0,,,,497.6,1038.8,,325.5,1170.8,1084.5,247.7,550.4,,318.0,,,350.5,,,Émissions de CO2 (kt),333.3,,,503.2,310.7,,1048.0,,734.9,,229.2,,1137.6,,,,,197.2
60.0,SLV,El Salvador,El Salvador,,6539.2,,6676.8,6676.8,3066.3,,,,6455.8,6844.9,3923.3,,6771.6,6909.8,EN.ATM.CO2E.KT,,,7235.0,5868.6,,,,,4961.4,6836.3,,,6344.9,,,,5935.3,7912.7,,3353.9,7125.1,6997.6,5666.2,6510.2,,2383.3,,,4459.3,,,Émissions de CO2 (kt),5631.6,,,7629.0,4389.9,,6376.3,,6778.7,,5319.2,,6592.2,,,,,5606.0
192.0,SMR,San Marino,Saint-Marin,,,,,,,,,,,,,,,,EN.ATM.CO2E.KT,,,,,,,,,,,,,,,,,,,,,,,,,,,,,,,,Émissions de CO2 (kt),,,,,,,,,,,,,,,,,,
201.0,SOM,Somalia,Somalie,,631.2,,614.4,577.5,707.099,,,,649.4,656.1,643.12,,625.7,618.7,EN.ATM.CO2E.KT,,,581.6,509.5,,,,,598.29,580.6,,,654.9,,,,571.0,655.7,,684.23,654.4,646.2,518.3,577.5,,735.12,,,633.1,,,Émissions de CO2 (kt),486.6,,,623.6,575.2,,660.4,,632.5,,546.7,,645.9,,,,,498.6
272.0,SRB,Serbia,Serbie,,47103.9,,46874.8,57502.3,52202.4,,,,46472.5,46192.4,43190.6,,45790.2,49825.9,EN.ATM.CO2E.KT,,,53009.0,46211.8,,,,,45315.8,50685.1,,,47342.6,,,,49792.2,46030.1,,48858.2,46635.0,45410.1,57283.7,53204.0,,61906.5,,,39618.2,,,Émissions de CO2 (kt),43985.4,,,51463.6,52666.1,,46324.3,,51230.2,,57256.4,,38980.7,,,,,40773.7
,SSA,,Afrique subsaharienne (hors revenu élevé),,691744.397224,,646225.921108,609110.399363,410520.676894,,,,754621.979,808737.5475,420075.348142,,716702.835,669149.382288,EN.ATM.CO2E.KT,,,611707.030212,542617.243617,,,,,445779.271767,612500.549225,,,790885.682,,,,544792.452257,833118.55,,418286.494723,781052.862,770129.832,496813.332441,576480.846164,,401651.865181,,,420587.378085,,,Émissions de CO2 (kt),498327.263652,,,628232.184679,476382.223325,,760269.413,,690428.184189,,492320.967587,,787567.902,,,,,484825.684746
277.0,SSD,South Sudan,Soudan du Sud,,1313.250224,,1290.671108,951.984363,406.424094,,,,1453.1,1768.9,250.506142,,1418.6,1239.105288,EN.ATM.CO2E.KT,,,998.668212,529.083617,,,,,356.078767,912.013225,,,1512.1,,,,674.322257,1824.6,,363.401723,1730.2,1969.4,389.947441,753.349164,,433.885181,,,344.484085,,,Émissions de CO2 (kt),459.820652,,,1173.198679,367.368325,,1742.7,,1281.212289,,449.751587,,1519.6,,,,,422.900746
,SSF,,Afrique subsaharienne,,692188.097224,,646674.221108,609493.599363,410695.876894,,,,755034.179,809339.8475,420263.648142,,717126.535,669566.982288,EN.ATM.CO2E.KT,,,612096.030212,542940.943617,,,,,445983.171767,612882.449225,,,791456.382,,,,545144.752257,833713.85,,418462.694723,781618.462,770629.632,497107.532441,576823.246164,,401805.065181,,,420794.778085,,,Émissions de CO2 (kt),498620.963652,,,628636.684679,476620.923325,,760868.113,,690836.384189,,492598.867587,,788024.602,,,,,485133.984746
,SST,,Petits états,,197456.964,,182665.66,155983.237687,114175.732764,,,,220336.879,231602.2875,107413.932019,,212938.955,188804.41,EN.ATM.CO2E.KT,,,175362.92,134006.09822,,,,,109940.877407,162323.73,,,230241.512,,,,138654.579476,229633.56,,110162.445912,228693.538,226608.062,127198.363862,149906.203348,,112880.958354,,,109776.145342,,,Émissions de CO2 (kt),129409.823393,,,187045.87,116043.607776,,216633.197,,207886.607,,123378.042845,,228640.7906,,,,,130525.860755
193.0,STP,Sao Tome and Principe,Sao Tomé-et-Principe,,102.8,,93.8,74.5,46.5,,,,121.3,137.5,44.9,,118.7,88.5,EN.ATM.CO2E.KT,,,81.7,53.5,,,,,47.5,80.0,,,134.4,,,,58.3,140.2,,44.3,128.7,123.6,51.0,65.9,,46.5,,,46.6,,,Émissions de CO2 (kt),53.5,,,81.8,47.5,,141.1,,100.5,,47.5,,119.2,,,,,51.0
207.0,SUR,Suriname,Suriname,,1744.87,,1446.77,1392.96,2045.742072,,,,2289.81,2146.53,2060.322022,,2441.63,1455.49,EN.ATM.CO2E.KT,,,1529.27,1520.56,,,,,2087.581167,1687.26,,,2444.33,,,,1115.66,2656.82,,2053.032047,2954.886,2724.1,2131.424277,1233.96,,1759.988097,,,2069.302797,,,Émissions de CO2 (kt),1480.42,,,1411.28,2109.523537,,2601.32,,1952.73,,2131.465907,,2620.0,,,,,2149.692647
199.0,SVK,Slovakia,République slovaque,,35432.2,,33908.9,37430.5,47938.2,,,,32920.4,33005.1,44319.9,,32347.1,37097.2,EN.ATM.CO2E.KT,,,37873.3,38577.0,,,,,42370.6,38518.3,,,33576.5,,,,38065.4,31032.5,,46096.2,31497.8,30753.7,41403.5,38331.2,,54811.8,,,41702.0,,,Émissions de CO2 (kt),38072.2,,,37190.3,42174.1,,29035.8,,34116.9,,42273.5,,30438.1,,,,,40660.1
198.0,SVN,Slovenia,Slovénie,,15777.2,,15509.2,15699.6,12737.4,,,,14548.1,14072.9,13556.2,,15123.6,17360.1,EN.ATM.CO2E.KT,,,16293.7,15380.1,,,,,14470.0,15916.5,,,14123.7,,,,15524.6,13665.0,,12825.4,13903.0,13139.7,15503.1,15413.0,,13528.8,,,13606.0,,,Émissions de CO2 (kt),14541.7,,,16283.4,15290.0,,12477.3,,15700.8,,15725.6,,13112.7,,,,,14910.0
210.0,SWE,Sweden,Suède,,47985.5,,42760.7,53593.3,54236.3,,,,40388.1,35915.9,56504.9,,41996.6,46023.3,EN.ATM.CO2E.KT,,,48734.9,52497.3,,,,,58230.9,50082.6,,,38168.2,,,,54023.7,34964.6,,56745.9,38691.2,39120.1,58363.4,55202.7,,53346.2,,,58488.8,,,Émissions de CO2 (kt),53277.5,,,47054.3,63647.4,,33576.1,,44452.0,,57381.6,,38993.0,,,,,57264.9
209.0,SWZ,Eswatini,Eswatini,,849.2,,1042.3,985.6,1086.3,,,,957.0,1105.8,816.9,,806.3,1005.6,EN.ATM.CO2E.KT,,,990.9,1105.8,,,,,1413.0,982.5,,,1105.8,,,,1074.8,1169.5,,909.2,1116.0,1015.9,1172.0,996.5,,1101.2,,,1454.9,,,Émissions de CO2 (kt),1090.6,,,1024.6,1131.0,,1147.7,,814.9,,1149.9,,977.4,,,,,1257.7
280.0,SXM,Sint Maarten (Dutch part),Sint Maarten (Dutch part),,,,,,,,,,,,,,,,EN.ATM.CO2E.KT,,,,,,,,,,,,,,,,,,,,,,,,,,,,,,,,Émissions de CO2 (kt),,,,,,,,,,,,,,,,,,
196.0,SYC,Seychelles,Seychelles,,443.7,,448.3,383.2,175.2,,,,412.2,602.3,188.3,,423.7,417.6,EN.ATM.CO2E.KT,,,389.0,323.7,,,,,203.9,381.9,,,570.7,,,,352.3,595.3,,176.2,565.6,499.8,294.2,342.4,,153.2,,,207.4,,,Émissions de CO2 (kt),293.7,,,404.5,238.7,,598.7,,408.2,,277.9,,456.7,,,,,308.3
212.0,SYR,Syrian Arab Republic,République arabe syrienne,,61090.7,,60696.7,46364.3,35766.0,,,,30696.6,28303.1,35882.4,,45039.2,65275.9,EN.ATM.CO2E.KT,,,60213.9,44728.9,,,,,38978.7,57220.3,,,25794.4,,,,44267.3,26840.4,,35151.5,24479.1,25260.7,44630.8,44378.7,,32388.1,,,37441.8,,,Émissions de CO2 (kt),44401.1,,,63604.5,42022.9,,25234.6,,57562.5,,42072.7,,26603.9,,,,,43872.2
224.0,TCA,Turks and Caicos Islands,Îles Turques-et-Caïques,,,,,,,,,,,,,,,,EN.ATM.CO2E.KT,,,,,,,,,,,,,,,,,,,,,,,,,,,,,,,,Émissions de CO2 (kt),,,,,,,,,,,,,,,,,,
39.0,TCD,Chad,Tchad,,1190.0,,1114.2,773.1,397.3,,,,1487.26,1557.4,409.9,,1233.73,1027.7,EN.ATM.CO2E.KT,,,815.2,521.7,,,,,436.6,796.6,,,1488.2,,,,532.4,1583.6,,408.5,1469.87,1478.55,474.4,764.9,,388.9,,,425.0,,,Émissions de CO2 (kt),507.4,,,876.5,449.1,,1568.4,,1003.6649,,464.7,,1483.1,,,,,490.2
,TEA,,Asie de l’Est et Pacifique (BIRD et IDA),,9602646.0,,8760812.19,6016294.29,2710332.24,,,,11225062.03,12164532.1,3121380.629589,,10771358.0,8238874.9,EN.ATM.CO2E.KT,,,7398527.9,4292467.21,,,,,3671061.591962,6757060.33,,,11553898.4,,,,4593644.44,12480501.7,,2851300.595028,11263921.0,11229030.3,3908236.528127,5271895.5,,2546780.356,,,3284135.786445,,,Émissions de CO2 (kt),4069783.52,,,8009202.13,3705877.53135,,12608302.4,,10478929.9,,3820665.019183,,11341237.6,,,,,3859449.507523
,TEC,,Europe et Asie centrale (BIRD et IDA),,3251419.1,,3101978.35,3125612.097687,4240031.740692,,,,3292199.8,3316919.5,3675716.299997,,3362262.5,3355739.26,EN.ATM.CO2E.KT,,,3268927.2,2973900.71822,,,,,3222587.43624,3139915.8,,,3237220.9,,,,3000972.599476,3307604.6,,3991060.703865,3159626.5,3118703.7,2952683.974585,3125391.313348,,4381209.140257,,,3309124.222545,,,Émissions de CO2 (kt),2980028.252393,,,3323990.6,3149439.974239,,3194229.5,,3411004.8,,2992756.726938,,3184532.8,,,,,2923459.770108
217.0,TGO,Togo,Togo,,2630.1,,2824.7,1778.2,925.5,,,,1749.0,2189.9,633.1,,2235.8,1568.8,EN.ATM.CO2E.KT,,,1569.6,1178.1,,,,,977.4,1748.1,,,2018.7,,,,1344.2,2442.3,,746.0,2305.6,1825.6,1199.6,1833.8,,977.6,,,906.9,,,Émissions de CO2 (kt),1269.0,,,1503.7,1356.6,,2415.1,,2515.6,,763.7,,1588.5,,,,,1708.2
216.0,THA,Thailand,Thaïlande,,240768.3,,224850.1,213439.9,96403.4,,,,264681.0,264483.6,123371.7,,256286.0,233893.7,EN.ATM.CO2E.KT,,,224693.7,178776.6,,,,,156293.3,222096.8,,,267137.1,,,,190573.9,274466.7,,106917.2,267916.3,268853.3,160408.9,195675.5,,88005.8,,,137725.0,,,Émissions de CO2 (kt),168941.4,,,231901.7,175594.0,,265478.9,,238968.5,,181502.8,,261377.0,,,,,169086.0
208.0,TJK,Tajikistan,Tadjikistan,,2446.9,,2405.15,2597.02,10171.7,,,,3195.1,8097.3,5167.3,,3015.2,3041.06,EN.ATM.CO2E.KT,,,2686.5,2150.05,,,,,2508.62,2471.2,,,6757.7,,,,2133.81,8965.7,,7686.2,5496.7,4904.8,2765.715,2175.1,,11018.2,,,3035.37,,,Émissions de CO2 (kt),2200.97,,,3267.8,2240.2,,9328.8,,2564.2,,2513.44,,4583.6,,,,,2544.59
213.0,TKM,Turkmenistan,Turkménistan,,59175.1,,52386.8,49365.2,37788.5,,,,63791.5,63317.6,26972.0,,66758.5,59279.7,EN.ATM.CO2E.KT,,,51916.5,39123.0,,,,,33989.8,50592.5,,,63871.6,,,,41410.7,63231.8,,28099.3,64079.5,63777.6,31838.6,46350.2,,44646.3,,,33545.0,,,Émissions de CO2 (kt),38507.5,,,58482.3,30608.9,,63655.0,,65076.7,,30502.5,,62189.0,,,,,37688.0
,TLA,,Amérique latine et Caraïbes (BIRD et IDA),,1539037.97,,1438061.87,1303198.36,885764.742072,,,,1719082.27,1602830.17,934851.822022,,1675156.97,1478196.79,EN.ATM.CO2E.KT,,,1388228.07,1218878.26,,,,,999852.081167,1346749.06,,,1656356.87,,,,1224775.16,1592486.56,,907533.342047,1679719.926,1718007.17,1181018.124277,1246041.46,,851765.808097,,,977215.802797,,,Émissions de CO2 (kt),1213210.92,,,1433926.98,1066591.723537,,1410200.16,,1603749.37,,1133573.065907,,1730502.0286,,,,,1173260.992647
176.0,TLS,Timor-Leste,Timor-Leste,,244.1,,235.4,182.5,0.0,,,,364.4,510.1,0.0,,300.4,210.1,EN.ATM.CO2E.KT,,,185.0,0.0,,,,,0.0,180.7,,,561.8,,,,168.7,617.6,,0.0,518.9,437.2,0.0,167.6,,0.0,,,0.0,,,Émissions de CO2 (kt),0.0,,,191.4,0.0,,446.1,,252.4,,0.0,,449.8,,,,,0.0
,TMN,,Afrique du Nord et Moyen-Orient (BIRD et IDA),,1231947.5,,1207787.8,955112.6,548964.99,,,,1327780.49,1449693.5,631232.9,,1297696.5,1165353.5,EN.ATM.CO2E.KT,,,1079050.1,853985.0,,,,,707814.7,1028354.2,,,1422054.5,,,,872569.6,1439681.67,,589786.0,1367274.87,1349815.45,748240.9,898626.3,,532994.2,,,684684.4,,,Émissions de CO2 (kt),813164.0,,,1121516.8,726363.1,,1370939.0,,1238709.1,,766587.8,,1360355.17,,,,,775499.6
219.0,TON,Tonga,Tonga,,117.7,,138.1,117.4,90.4,,,,114.7,134.2,86.3,,109.3,127.3,EN.ATM.CO2E.KT,,,134.9,94.7,,,,,99.0,117.2,,,132.9,,,,101.7,161.5,,76.9,123.9,109.9,94.9,123.5,,84.1,,,92.3,,,Émissions de CO2 (kt),102.9,,,119.8,81.0,,118.1,,107.4,,94.2,,113.4,,,,,113.9
,TSA,,Asie du Sud (BIRD et IDA),,1878594.23,,1779015.6,1252484.717,685811.98,,,,2213363.55,2792018.58,746077.74,,2147871.13,1628172.46,EN.ATM.CO2E.KT,,,1401904.88,1095270.848,,,,,846825.3,1310942.931,,,2644485.38,,,,1131663.95,2752652.43,,713532.72,2503383.23,2434198.49,958640.22,1164057.737,,641292.09,,,785115.44,,,Émissions de CO2 (kt),1072998.26,,,1540885.02,889016.46,,2518434.77,,1987072.19,,940197.64,,2403894.74,,,,,1034754.43
,TSS,,Afrique subsaharienne (BIRD et IDA),,692188.097224,,646674.221108,609493.599363,410695.876894,,,,755034.179,809339.8475,420263.648142,,717126.535,669566.982288,EN.ATM.CO2E.KT,,,612096.030212,542940.943617,,,,,445983.171767,612882.449225,,,791456.382,,,,545144.752257,833713.85,,418462.694723,781618.462,770629.632,497107.532441,576823.246164,,401805.065181,,,420794.778085,,,Émissions de CO2 (kt),498620.963652,,,628636.684679,476620.923325,,760868.113,,690836.384189,,492598.867587,,788024.602,,,,,485133.984746
220.0,TTO,Trinidad and Tobago,Trinité-et-Tobago,,21443.0,,19030.2,16096.0,13045.1,,,,22186.3,17763.7,10722.4,,21497.2,20012.1,EN.ATM.CO2E.KT,,,20054.6,11619.6,,,,,8618.6,17580.0,,,18224.7,,,,12674.7,17195.3,,13145.2,18291.6,21310.6,9923.9,15446.9,,13152.4,,,8792.5,,,Émissions de CO2 (kt),10204.5,,,20485.8,9194.8,,15420.0,,22243.0,,9690.5,,22014.2,,,,,9899.8
222.0,TUN,Tunisia,Tunisie,,28321.5,,25984.2,23020.2,15206.3,,,,28601.9,31023.1,16622.4,,29106.2,25960.7,EN.ATM.CO2E.KT,,,24472.1,21971.0,,,,,17045.1,23538.6,,,30742.6,,,,22147.1,31045.0,,16294.7,30317.8,31627.4,18939.5,21961.7,,14671.9,,,16654.4,,,Émissions de CO2 (kt),21068.8,,,25366.7,17572.0,,29293.0,,26717.4,,18133.2,,30976.0,,,,,19972.0
223.0,TUR,Turkey,Turquie,,297814.0,,288307.2,224601.2,143796.1,,,,319088.6,414111.9,155579.5,,329797.8,287205.0,EN.ATM.CO2E.KT,,,261083.6,197771.1,,,,,168150.5,235003.0,,,418098.2,,,,208107.6,398772.9,,149797.2,376399.0,353413.8,193687.6,219158.6,,139197.9,,,153823.1,,,Émissions de CO2 (kt),216396.5,,,288967.8,185337.7,,407406.2,,318641.2,,193428.4,,341671.5,,,,,192651.4
227.0,TUV,Tuvalu,Tuvalu,,9.6,,10.6,8.5,6.7,,,,8.7,8.8,7.6,,9.8,9.5,EN.ATM.CO2E.KT,,,11.0,9.9,,,,,8.9,8.5,,,7.7,,,,9.1,8.9,,7.3,7.5,7.7,10.9,8.5,,6.4,,,8.3,,,Émissions de CO2 (kt),7.9,,,13.2,6.9,,6.6,,10.2,,7.8,,8.5,,,,,7.6
215.0,TZA,United Republic of Tanzania,Tanzanie,,6909.9,,5928.6,5081.7,1865.7,,,,10698.0,12018.9,1915.9,,9587.9,6073.0,EN.ATM.CO2E.KT,,,5991.7,3128.3,,,,,2734.8,5660.0,,,11659.3,,,,3565.8,14960.8,,1859.5,10646.9,10765.9,2692.6,3769.5,,1892.2,,,1910.0,,,Émissions de CO2 (kt),2946.4,,,5906.5,3070.5,,14435.5,,8019.7,,2887.3,,10108.0,,,,,2516.6
226.0,UGA,Uganda,Ouganda,,3332.0,,3357.3,1629.6,806.39,,,,3694.3,5866.6,813.92,,3777.1,2971.8,EN.ATM.CO2E.KT,,,2399.5,1303.9,,,,,952.5,2024.0,,,5172.0,,,,1486.2,5943.0,,815.06,4946.3,4712.1,1263.27,1567.2,,785.735,,,725.72,,,Émissions de CO2 (kt),1297.6,,,2868.2,1048.41,,5674.6,,3744.2,,1110.09,,4112.2,,,,,1290.6
230.0,UKR,Ukraine,Ukraine,,268924.6,,251616.6,307135.6,651932.0,,,,270268.7,185623.8,499314.9,,277110.2,301195.3,EN.ATM.CO2E.KT,,,303989.4,300552.9,,,,,399250.1,295405.2,,,174938.3,,,,303940.8,174599.9,,574642.6,201655.4,191067.8,309288.0,330228.5,,688618.9,,,415669.9,,,Émissions de CO2 (kt),297376.8,,,312141.5,346111.3,,165663.6,,283342.4,,328244.8,,237728.7,,,,,305725.1
,UMC,,"Revenu intermédiaire, tranche supérieure",,13650211.56,,12603193.43,9714080.937687,6627839.492764,,,,15496037.519,16265198.3175,6754577.752019,,15046424.835,12315104.16,EN.ATM.CO2E.KT,,,11283422.97,7773270.87822,,,,,7053120.307407,10509932.36,,,15680729.342,,,,8090933.049476,16546520.02,,6661908.665912,15332252.098,15348154.712,7279228.023862,8885518.073348,,6529915.428354,,,6717809.995342,,,Émissions de CO2 (kt),7522848.982393,,,11979605.09,7103657.357776,,16383995.507,,14683619.207,,7170820.592845,,15550983.462,,,,,7190874.982755
234.0,URY,Uruguay,Uruguay,,6283.8,,7665.9,5459.9,4371.7,,,,7357.6,6545.7,4490.1,,8517.7,7750.1,EN.ATM.CO2E.KT,,,6332.1,4946.3,,,,,4687.9,5415.8,,,6103.8,,,,4530.6,6806.7,,4768.6,6525.1,6657.2,5777.4,4486.1,,3848.7,,,4266.2,,,Émissions de CO2 (kt),5458.5,,,5854.7,5450.5,,6514.3,,7605.9,,5558.4,,6500.4,,,,,6783.2
231.0,USA,United States of America,États-Unis,,5392109.4,,5156424.9,5738286.0,4807496.5,,,,5092097.2,4975300.4,4995209.5,,4956053.0,5558378.9,EN.ATM.CO2E.KT,,,5653081.0,5748261.8,,,,,5117036.9,5753493.2,,,4819365.1,,,,5593024.4,4817710.4,,4879626.1,4894499.2,4990703.7,5590536.3,5658992.0,,4844517.4,,,5066803.0,,,Émissions de CO2 (kt),5775807.2,,,5736319.3,5273486.3,,4320532.5,,5173591.2,,5543349.4,,5107208.6,,,,,5609017.3
235.0,UZB,Uzbekistan,Ouzbékistan,,126240.5,,116532.5,124840.1,118584.8,,,,111856.5,112720.5,114592.9,,113140.2,128884.1,EN.ATM.CO2E.KT,,,127356.9,125695.4,,,,,98154.6,119190.1,,,109708.5,,,,129888.0,117687.8,,113076.8,105333.9,99358.2,116263.5,121905.7,,117767.7,,,108876.6,,,Émissions de CO2 (kt),123804.5,,,122580.6,99600.3,,115577.8,,128633.7,,100732.3,,104872.5,,,,,116488.1
191.0,VCT,Saint Vincent and the Grenadines,Saint-Vincent-et-les Grenadines,,233.6,,288.2,228.3,89.1,,,,226.3,252.3,108.9,,240.8,229.2,EN.ATM.CO2E.KT,,,227.7,187.4,,,,,132.2,229.7,,,225.1,,,,196.7,235.1,,89.2,255.2,246.5,171.2,208.2,,82.6,,,122.3,,,Émissions de CO2 (kt),155.6,,,246.0,135.4,,219.8,,224.9,,142.1,,267.5,,,,,173.1
236.0,VEN,Venezuela (Bolivarian Republic of),Venezuela,,164101.6,,152586.3,139606.7,100992.8,,,,180422.6,130158.0,107387.9,,181128.8,151112.1,EN.ATM.CO2E.KT,,,147532.1,135800.4,,,,,114036.6,147374.4,,,139787.4,,,,140747.6,107502.3,,103107.8,150466.7,163126.9,129300.3,135770.2,,101630.0,,,106529.1,,,Émissions de CO2 (kt),131516.7,,,142388.6,121835.4,,72509.0,,160039.6,,127590.1,,179236.1,,,,,125458.8
239.0,VGB,British Virgin Islands,Îles Vierges britanniques,,,,,,,,,,,,,,,,EN.ATM.CO2E.KT,,,,,,,,,,,,,,,,,,,,,,,,,,,,,,,,Émissions de CO2 (kt),,,,,,,,,,,,,,,,,,
240.0,VIR,United States Virgin Islands,Îles Vierges (EU),,,,,,,,,,,,,,,,EN.ATM.CO2E.KT,,,,,,,,,,,,,,,,,,,,,,,,,,,,,,,,Émissions de CO2 (kt),,,,,,,,,,,,,,,,,,
237.0,VNM,Viet Nam,Viet Nam,,151413.5,,132290.0,85051.8,19796.6,,,,164297.4,286139.3,24244.9,,155522.8,117585.1,EN.ATM.CO2E.KT,,,94869.7,56722.4,,,,,31401.0,92368.6,,,229877.4,,,,66495.8,341716.8,,20812.9,222028.5,201513.3,45473.9,70903.7,,19327.9,,,26682.3,,,Émissions de CO2 (kt),51207.7,,,105137.4,35033.5,,355323.1,,155973.3,,40842.9,,180698.8,,,,,46412.8
155.0,VUT,Vanuatu,Vanuatu,,127.1,,127.5,61.7,66.9,,,,111.9,177.5,63.7,,120.5,101.1,EN.ATM.CO2E.KT,,,61.6,92.9,,,,,66.8,61.6,,,141.0,,,,82.9,166.9,,63.7,151.3,134.3,82.8,87.0,,66.9,,,63.6,,,Émissions de CO2 (kt),89.3,,,105.0,85.6,,121.3,,134.2,,89.0,,158.9,,,,,89.4
,WLD,,Monde,,32095872.94,,30238050.03,27331852.94,21440490.2,,,,34119894.39,35560555.79,21531833.41,,33460087.5,30632298.65,EN.ATM.CO2E.KT,,,29308175.54,24644437.95,,,,,22299203.28,28371817.05,,,34687837.09,,,,24989512.93,35477245.4,,21390040.84,34145652.3,34070176.85,23365547.83,26133423.08,,21284042.79,,,21676894.94,,,Émissions de CO2 (kt),24280271.96,,,30418994.07,22778983.29,,33566427.59,,33079721.35,,23202623.39,,34261369.66,,,,,23530421.41
244.0,WSM,Samoa,Samoa,,192.4,,176.4,175.0,97.7,,,,196.7,248.7,112.5,,198.1,169.5,EN.ATM.CO2E.KT,,,177.1,162.6,,,,,116.6,179.1,,,255.2,,,,170.2,278.7,,102.9,246.7,232.3,146.1,169.2,,89.0,,,103.4,,,Émissions de CO2 (kt),148.6,,,186.3,131.5,,206.5,,196.0,,129.1,,207.3,,,,,145.1
,XKX,,Kosovo,,,,,,,,,,,,,,,,EN.ATM.CO2E.KT,,,,,,,,,,,,,,,,,,,,,,,,,,,,,,,,Émissions de CO2 (kt),,,,,,,,,,,,,,,,,,
249.0,YEM,Yemen,"Yémen, Rép. du",,25431.9,,26568.7,19628.8,8498.5,,,,27825.0,11349.8,8552.3,,21012.5,24216.2,EN.ATM.CO2E.KT,,,21918.5,16065.3,,,,,10531.7,21105.6,,,9682.2,,,,16093.7,11194.8,,9130.0,10035.2,13552.2,12455.4,18699.7,,6642.3,,,9339.6,,,Émissions de CO2 (kt),15030.5,,,23270.2,10799.1,,9960.1,,22950.1,,11640.7,,27429.9,,,,,14059.0
202.0,ZAF,South Africa,Afrique du Sud,,425548.4,,404354.0,379939.8,242286.0,,,,437261.7,439644.6,246445.9,,427001.7,427111.7,EN.ATM.CO2E.KT,,,379736.0,320393.3,,,,,264251.5,377642.7,,,435214.5,,,,331272.0,446626.0,,238780.6,425682.9,425063.1,296196.9,353033.5,,247614.7,,,252088.5,,,Émissions de CO2 (kt),284463.3,,,397161.9,274043.7,,393241.6,,409480.3,,288584.8,,448298.1,,,,,278270.9
251.0,ZMB,Zambia,Zambie,,2656.9,,2485.2,2106.2,2876.2,,,,4238.6,7857.2,2514.4,,4030.3,2185.9,EN.ATM.CO2E.KT,,,2177.5,1835.28,,,,,2129.5,2293.1,,,6810.7,,,,1922.95,7615.7,,2848.0,5315.3,4956.6,2173.0,2084.2,,2740.8,,,2143.8,,,Émissions de CO2 (kt),1807.2,,,1981.6,1761.9,,7607.1,,3050.7,,2285.5,,4686.0,,,,,1764.0
181.0,ZWE,Zimbabwe,Zimbabwe,,9518.0,,7572.7,9672.3,18301.0,,,,12216.8,11069.9,17075.6,,11954.9,7711.6,EN.ATM.CO2E.KT,,,9791.8,13545.4,,,,,15483.6,10455.9,,,9781.0,,,,12293.4,10185.3,,18469.6,10450.2,11988.7,14073.1,10103.3,,16535.5,,,15960.5,,,Émissions de CO2 (kt),13578.9,,,9754.3,14862.0,,8312.5,,11357.6,,13826.1,,12010.7,,,,,15818.1
